Fecha;cod_ine;CCAA;Total Pacientes COVID ingresados;% Camas Ocupadas COVID;Total pacientes COVID en UCI;% Camas Ocupadas UCI COVID;Ingresos COVID últimas 24 h;Altas COVID últimas 24 h
2020-08-19;1;Andalucía;322,0;2,20;40,0;;88,0;40,0
2020-08-19;2;Aragón;512,0;13,40;60,0;;57,0;46,0
2020-08-19;3;Asturias;20,0;0,70;3,0;;6,0;2,0
2020-08-19;4;Baleares;159,0;5,30;24,0;;32,0;13,0
2020-08-19;5;Canarias;103,0;2,20;13,0;;17,0;2,0
2020-08-19;6;Cantabria;31,0;2,00;4,0;;6,0;0,0
2020-08-19;8;Castilla La Mancha;122,0;2,70;11,0;;20,0;9,0
2020-08-19;7;Castilla y León;197,0;3,90;11,0;;35,0;16,0
2020-08-19;9;Cataluña;978,0;4,30;136,0;;107,0;113,0
2020-08-19;18;Ceuta;0,0;0,00;0,0;;0,0;0,0
2020-08-19;10;C. Valenciana;347,0;3,20;35,0;;65,0;29,0
2020-08-19;11;Extremadura;42,0;1,60;6,0;;9,0;3,0
2020-08-19;12;Galicia;86,0;1,10;7,0;;16,0;5,0
2020-08-19;13;Madrid;1245,0;9,50;126,0;;226,0;133,0
2020-08-19;19;Melilla;6,0;3,40;0,0;;0,0;0,0
2020-08-19;14;Murcia;68,0;3,20;11,0;;8,0;3,0
2020-08-19;15;Navarra;52,0;3,50;6,0;;5,0;8,0
2020-08-19;16;País Vasco;333,0;8,30;27,0;;57,0;46,0
2020-08-19;17;La Rioja;13,0;1,70;2,0;;4,0;0,0
2020-08-19;0;España;4636,0;4,30;522,0;;758,0;468,0
2020-08-20;1;Andalucía;315,0;2,10;37,0;;63,0;71,0
2020-08-20;2;Aragón;540,0;13,60;60,0;;70,0;54,0
2020-08-20;3;Asturias;21,0;0,70;3,0;;8,0;1,0
2020-08-20;4;Baleares;165,0;5,60;25,0;;30,0;21,0
2020-08-20;5;Canarias;96,0;2,00;13,0;;15,0;6,0
2020-08-20;6;Cantabria;35,0;2,20;4,0;;7,0;2,0
2020-08-20;8;Castilla La Mancha;130,0;2,90;10,0;;23,0;15,0
2020-08-20;7;Castilla y León;210,0;4,00;17,0;;41,0;25,0
2020-08-20;9;Cataluña;911,0;4,20;121,0;;85,0;168,0
2020-08-20;18;Ceuta;0,0;0;0,0;;0,0;0,0
2020-08-20;10;C. Valenciana;339,0;3,00;37,0;;63,0;45,0
2020-08-20;11;Extremadura;37,0;1,20;7,0;;6,0;1,0
2020-08-20;12;Galicia;87,0;1,10;7,0;;23,0;15,0
2020-08-20;13;Madrid;1297,0;9,80;137,0;;217,0;152,0
2020-08-20;19;Melilla;7,0;4,00;0,0;;1,0;0,0
2020-08-20;14;Murcia;109,0;3,60;22,0;;27,0;12,0
2020-08-20;15;Navarra;56,0;3,20;8,0;;14,0;9,0
2020-08-20;16;País Vasco;330,0;9,10;30,0;;67,0;61,0
2020-08-20;17;La Rioja;18,0;2,30;3,0;;5,0;0,0
2020-08-20;0;España;4703,0;4,40;541,0;;765,0;658,0
2020-08-21;1;Andalucía;369,0;2,40;42,0;;62,0;25,0
2020-08-21;2;Aragón;537,0;13,70;64,0;;34,0;26,0
2020-08-21;3;Asturias;16,0;0,50;3,0;;6,0;2,0
2020-08-21;4;Baleares;228,0;7,50;33,0;;40,0;10,0
2020-08-21;5;Canarias;134,0;2,80;22,0;;15,0;1,0
2020-08-21;6;Cantabria;37,0;2,40;2,0;;7,0;2,0
2020-08-21;8;Castilla La Mancha;177,0;4,00;16,0;;24,0;2,0
2020-08-21;7;Castilla y León;248,0;4,70;18,0;;31,0;9,0
2020-08-21;9;Cataluña;1011,0;4,60;151,0;;86,0;49,0
2020-08-21;18;Ceuta;1,0;0,60;0,0;;0,0;0,0
2020-08-21;10;C. Valenciana;403,0;3,70;46,0;;68,0;16,0
2020-08-21;11;Extremadura;40,0;1,50;6,0;;4,0;0,0
2020-08-21;12;Galicia;83,0;1,10;10,0;;16,0;2,0
2020-08-21;13;Madrid;1544,0;12,00;165,0;;192,0;54,0
2020-08-21;19;Melilla;8,0;4,50;0,0;;1,0;0,0
2020-08-21;14;Murcia;157,0;5,20;31,0;;59,0;10,0
2020-08-21;15;Navarra;54,0;3,30;9,0;;10,0;3,0
2020-08-21;16;País Vasco;404,0;10,00;37,0;;41,0;13,0
2020-08-21;17;La Rioja;33,0;4,60;3,0;;9,0;0,0
2020-08-21;0;España;5484,0;5,10;658,0;;705,0;224,0
2020-08-24;1;Andalucía;403,0;2,60;43,0;;70,0;33,0
2020-08-24;2;Aragón;523,0;13,10;68,0;;60,0;57,0
2020-08-24;3;Asturias;19,0;0,60;2,0;;6,0;2,0
2020-08-24;4;Baleares;238,0;8,60;35,0;;41,0;20,0
2020-08-24;5;Canarias;151,0;3,10;23,0;;28,0;13,0
2020-08-24;6;Cantabria;40,0;2,60;1,0;;10,0;5,0
2020-08-24;8;Castilla La Mancha;187,0;4,30;23,0;;35,0;25,0
2020-08-24;7;Castilla y León;257,0;5,10;19,0;;51,0;60,0
2020-08-24;9;Cataluña;1040,0;4,60;155,0;;115,0;124,0
2020-08-24;18;Ceuta;1,0;0,60;0,0;;0,0;0,0
2020-08-24;10;C. Valenciana;386,0;3,60;49,0;;76,0;52,0
2020-08-24;11;Extremadura;49,0;1,60;5,0;;7,0;3,0
2020-08-24;12;Galicia;105,0;1,30;12,0;;30,0;6,0
2020-08-24;13;Madrid;1688,0;12,80;175,0;;285,0;205,0
2020-08-24;19;Melilla;7,0;4,00;1,0;;1,0;2,0
2020-08-24;14;Murcia;107,0;5,00;16,0;;25,0;15,0
2020-08-24;15;Navarra;52,0;3,00;9,0;;5,0;11,0
2020-08-24;16;País Vasco;400,0;9,70;39,0;;53,0;63,0
2020-08-24;17;La Rioja;35,0;4,60;2,0;;5,0;3,0
2020-08-24;0;España;5688,0;5,30;677,0;;903,0;699,0
2020-08-25;1;Andalucía;451,0;2,80;52,0;;97,0;40,0
2020-08-25;2;Aragón;523,0;13,10;66,0;;54,0;39,0
2020-08-25;3;Asturias;23,0;0,70;2,0;;8,0;1,0
2020-08-25;4;Baleares;264,0;8,70;37,0;;40,0;23,0
2020-08-25;5;Canarias;153,0;3,20;27,0;;34,0;14,0
2020-08-25;6;Cantabria;43,0;2,80;0,0;;12,0;2,0
2020-08-25;8;Castilla La Mancha;198,0;4,50;24,0;;34,0;20,0
2020-08-25;7;Castilla y León;268,0;5,40;24,0;;53,0;29,0
2020-08-25;9;Cataluña;1023,0;4,50;156,0;;112,0;112,0
2020-08-25;18;Ceuta;1,0;0,60;0,0;;0,0;0,0
2020-08-25;10;C. Valenciana;409,0;3,70;47,0;;76,0;40,0
2020-08-25;11;Extremadura;38,0;1,50;6,0;;5,0;2,0
2020-08-25;12;Galicia;104,0;1,50;10,0;;19,0;8,0
2020-08-25;13;Madrid;1793,0;13,60;178,0;;289,0;196,0
2020-08-25;19;Melilla;4,0;2,30;1,0;;0,0;0,0
2020-08-25;14;Murcia;115,0;5,40;17,0;;25,0;15,0
2020-08-25;15;Navarra;58,0;3,40;10,0;;14,0;5,0
2020-08-25;16;País Vasco;401,0;10,10;38,0;;46,0;42,0
2020-08-25;17;La Rioja;34,0;4,40;2,0;;4,0;5,0
2020-08-25;0;España;5903,0;5,50;697,0;;922,0;593,0
2020-08-26;1;Andalucía;505,0;3;62,0;;119,0;47,0
2020-08-26;2;Aragón;513,0;13;63,0;;49,0;51,0
2020-08-26;3;Asturias;23,0;1;2,0;;11,0;2,0
2020-08-26;4;Baleares;258,0;9;40,0;;33,0;34,0
2020-08-26;5;Canarias;164,0;3;29,0;;26,0;13,0
2020-08-26;6;Cantabria;41,0;3;1,0;;11,0;1,0
2020-08-26;8;Castilla La Mancha;202,0;5;28,0;;29,0;24,0
2020-08-26;7;Castilla y León;300,0;6;26,0;;49,0;25,0
2020-08-26;9;Cataluña;1039,0;4;147,0;;117,0;108,0
2020-08-26;18;Ceuta;1,0;1;0,0;;0,0;0,0
2020-08-26;10;C. Valenciana;407,0;4;51,0;;73,0;49,0
2020-08-26;11;Extremadura;42,0;2;10,0;;3,0;4,0
2020-08-26;12;Galicia;120,0;1;12,0;;19,0;5,0
2020-08-26;13;Madrid;1808,0;13;176,0;;258,0;201,0
2020-08-26;19;Melilla;3,0;2;1,0;;0,0;1,0
2020-08-26;14;Murcia;108,0;5;17,0;;8,0;17,0
2020-08-26;15;Navarra;61,0;4;9,0;;11,0;5,0
2020-08-26;16;País Vasco;402,0;10;38,0;;55,0;53,0
2020-08-26;17;La Rioja;39,0;5;3,0;;9,0;4,0
2020-08-26;0;España;6036,0;5;715,0;;880,0;644,0
2020-08-27;1;Andalucía;524,0;3;68,0;;105,0;65,0
2020-08-27;2;Aragón;510,0;13;62,0;;66,0;56,0
2020-08-27;3;Asturias;15,0;1;1,0;;6,0;2,0
2020-08-27;4;Baleares;270,0;9;42,0;;35,0;20,0
2020-08-27;5;Canarias;96,0;2;16,0;;13,0;6,0
2020-08-27;6;Cantabria;35,0;2;2,0;;7,0;5,0
2020-08-27;8;Castilla La Mancha;214,0;5;27,0;;27,0;12,0
2020-08-27;7;Castilla y León;313,0;6;28,0;;64,0;43,0
2020-08-27;9;Cataluña;1043,0;4;151,0;;129,0;102,0
2020-08-27;18;Ceuta;2,0;1;0,0;;1,0;0,0
2020-08-27;10;C. Valenciana;411,0;4;54,0;;62,0;49,0
2020-08-27;11;Extremadura;41,0;2;8,0;;5,0;1,0
2020-08-27;12;Galicia;137,0;2;13,0;;18,0;5,0
2020-08-27;13;Madrid;1916,0;14;200,0;;290,0;229,0
2020-08-27;19;Melilla;4,0;2;1,0;;1,0;0,0
2020-08-27;14;Murcia;172,0;6;26,0;;40,0;23,0
2020-08-27;15;Navarra;61,0;4;9,0;;9,0;9,0
2020-08-27;16;País Vasco;419,0;10;40,0;;73,0;57,0
2020-08-27;17;La Rioja;41,0;5;3,0;;7,0;5,0
2020-08-27;0;España;6224,0;6;751,0;;958,0;689,0
2020-08-30;1;Andalucía;576,0;4;83,0;;85,0;40,0
2020-08-30;2;Aragón;522,0;13;69,0;;37,0;10,0
2020-08-30;3;Asturias;55,0;2;4,0;;11,0;1,0
2020-08-30;4;Baleares;309,0;11;52,0;;38,0;18,0
2020-08-30;5;Canarias;232,0;5;33,0;;23,0;12,0
2020-08-30;6;Cantabria;39,0;3;3,0;;7,0;0,0
2020-08-30;8;Castilla La Mancha;277,0;7;30,0;;34,0;13,0
2020-08-30;7;Castilla y León;329,0;7;31,0;;35,0;10,0
2020-08-30;9;Cataluña;1076,0;5;160,0;;77,0;43,0
2020-08-30;18;Ceuta;4,0;2;0,0;;1,0;0,0
2020-08-30;10;C. Valenciana;464,0;4;52,0;;81,0;27,0
2020-08-30;11;Extremadura;48,0;2;13,0;;11,0;1,0
2020-08-30;12;Galicia;132,0;2;13,0;;17,0;7,0
2020-08-30;13;Madrid;2128,0;16;218,0;;221,0;99,0
2020-08-30;19;Melilla;8,0;5;1,0;;4,0;0,0
2020-08-30;14;Murcia;158,0;8;25,0;;24,0;2,0
2020-08-30;15;Navarra;75,0;4;9,0;;11,0;5,0
2020-08-30;16;País Vasco;475,0;11;45,0;;27,0;11,0
2020-08-30;17;La Rioja;50,0;7;5,0;;6,0;2,0
2020-08-30;0;España;6557,0;6;846,0;;750,0;301,0
2020-08-31;1;Andalucía;628,0;4;82,0;;122,0;76,0
2020-08-31;2;Aragón;339,0;14;43,0;;32,0;28,0
2020-08-31;3;Asturias;36,0;1;3,0;;10,0;4,0
2020-08-31;4;Baleares;319,0;11;51,0;;36,0;30,0
2020-08-31;5;Canarias;211,0;4;38,0;;28,0;20,0
2020-08-31;6;Cantabria;40,0;3;6,0;;12,0;6,0
2020-08-31;8;Castilla La Mancha;261,0;7;29,0;;24,0;15,0
2020-08-31;7;Castilla y León;350,0;7;34,0;;51,0;46,0
2020-08-31;9;Cataluña;1089,0;5;152,0;;103,0;129,0
2020-08-31;18;Ceuta;4,0;3;0,0;;0,0;0,0
2020-08-31;10;C. Valenciana;480,0;4;53,0;;77,0;55,0
2020-08-31;11;Extremadura;55,0;2;12,0;;4,0;0,0
2020-08-31;12;Galicia;153,0;2;13,0;;28,0;11,0
2020-08-31;13;Madrid;2029,0;15;211,0;;247,0;250,0
2020-08-31;19;Melilla;6,0;3;1,0;;0,0;2,0
2020-08-31;14;Murcia;219,0;7;37,0;;45,0;36,0
2020-08-31;15;Navarra;76,0;5;8,0;;5,0;6,0
2020-08-31;16;País Vasco;463,0;12;44,0;;57,0;73,0
2020-08-31;17;La Rioja;49,0;6;6,0;;7,0;8,0
2020-08-31;0;España;6807,0;6;823,0;;888,0;795,0
2020-09-01;1;Andalucía;644,0;4;84,0;;126,0;61,0
2020-09-01;2;Aragón;492,0;12;67,0;;47,0;57,0
2020-09-01;3;Asturias;42,0;1;4,0;;10,0;3,0
2020-09-01;4;Baleares;314,0;11;56,0;;35,0;37,0
2020-09-01;5;Canarias;199,0;4;41,0;;26,0;23,0
2020-09-01;6;Cantabria;52,0;4;6,0;;16,0;3,0
2020-09-01;8;Castilla La Mancha;299,0;7;41,0;;39,0;26,0
2020-09-01;7;Castilla y León;346,0;7;33,0;;54,0;40,0
2020-09-01;9;Cataluña;1076,0;5;157,0;;125,0;102,0
2020-09-01;18;Ceuta;4,0;3;0,0;;0,0;0,0
2020-09-01;10;C. Valenciana;464,0;4;53,0;;70,0;40,0
2020-09-01;11;Extremadura;52,0;2;12,0;;8,0;3,0
2020-09-01;12;Galicia;119,0;2;11,0;;32,0;4,0
2020-09-01;13;Madrid;2104,0;15;216,0;;285,0;264,0
2020-09-01;19;Melilla;6,0;3;2,0;;1,0;1,0
2020-09-01;14;Murcia;152,0;7;27,0;;27,0;9,0
2020-09-01;15;Navarra;49,0;3;10,0;;9,0;6,0
2020-09-01;16;País Vasco;460,0;11;48,0;;88,0;73,0
2020-09-01;17;La Rioja;50,0;7;6,0;;9,0;8,0
2020-09-01;0;España;6924,0;6;874,0;;1907,0;760,0
2020-09-02;1;Andalucía;712,0;4;95,0;;149,0;83,0
2020-09-02;2;Aragón;475,0;12;66,0;;52,0;58,0
2020-09-02;3;Asturias;50,0;2;4,0;;11,0;1,0
2020-09-02;4;Baleares;331,0;11;56,0;;44,0;25,0
2020-09-02;5;Canarias;211,0;4;45,0;;33,0;20,0
2020-09-02;6;Cantabria;45,0;3;5,0;;8,0;8,0
2020-09-02;8;Castilla La Mancha;329,0;7;49,0;;53,0;21,0
2020-09-02;7;Castilla y León;321,0;6;36,0;;33,0;42,0
2020-09-02;9;Cataluña;1068,0;5;147,0;;110,0;117,0
2020-09-02;18;Ceuta;4,0;3;0,0;;0,0;0,0
2020-09-02;10;C. Valenciana;477,0;4;59,0;;71,0;51,0
2020-09-02;11;Extremadura;57,0;2;13,0;;7,0;4,0
2020-09-02;12;Galicia;197,0;2;18,0;;40,0;22,0
2020-09-02;13;Madrid;2162,0;16;230,0;;306,0;250,0
2020-09-02;19;Melilla;7,0;4;2,0;;1,0;0,0
2020-09-02;14;Murcia;217,0;7;46,0;;60,0;36,0
2020-09-02;15;Navarra;80,0;5;9,0;;15,0;16,0
2020-09-02;16;País Vasco;394,0;11;43,0;;67,0;55,0
2020-09-02;17;La Rioja;57,0;7;7,0;;7,0;1,0
2020-09-02;0;España;7194,0;6;930,0;;1067,0;810,0
2020-09-03;1;Andalucía;741,0;5;105,0;;141,0;86,0
2020-09-03;2;Aragón;463,0;12;67,0;;43,0;49,0
2020-09-03;3;Asturias;47,0;1;5,0;;12,0;5,0
2020-09-03;4;Baleares;316,0;11;57,0;;35,0;33,0
2020-09-03;5;Canarias;210,0;5;49,0;;36,0;23,0
2020-09-03;6;Cantabria;40,0;3;5,0;;6,0;1,0
2020-09-03;8;Castilla La Mancha;362,0;8;43,0;;64,0;27,0
2020-09-03;7;Castilla y León;335,0;6;39,0;;57,0;36,0
2020-09-03;9;Cataluña;1051,0;4;147,0;;93,0;114,0
2020-09-03;18;Ceuta;5,0;3;0,0;;1,0;0,0
2020-09-03;10;C. Valenciana;490,0;4;64,0;;84,0;57,0
2020-09-03;11;Extremadura;55,0;2;13,0;;11,0;3,0
2020-09-03;12;Galicia;208,0;3;17,0;;40,0;21,0
2020-09-03;13;Madrid;2206,0;15;243,0;;311,0;277,0
2020-09-03;19;Melilla;6,0;3;2,0;;2,0;2,0
2020-09-03;14;Murcia;240,0;7;48,0;;47,0;31,0
2020-09-03;15;Navarra;87,0;5;11,0;;18,0;12,0
2020-09-03;16;País Vasco;474,0;11;54,0;;64,0;69,0
2020-09-03;17;La Rioja;56,0;7;7,0;;5,0;6,0
2020-09-03;0;España;7392,0;7;976,0;;1070,0;852,0
2020-09-06;1;Andalucía;800,0;5;120,0;;113,0;41,0
2020-09-06;2;Aragón;482,0;12;66,0;;44,0;13,0
2020-09-06;3;Asturias;51,0;2;7,0;;11,0;3,0
2020-09-06;4;Baleares;351,0;13;56,0;;26,0;13,0
2020-09-06;5;Canarias;249,0;5;47,0;;22,0;11,0
2020-09-06;6;Cantabria;54,0;4;9,0;;8,0;1,0
2020-09-06;8;Castilla La Mancha;416,0;9;44,0;;59,0;8,0
2020-09-06;7;Castilla y León;382,0;8;40,0;;45,0;15,0
2020-09-06;9;Cataluña;1009,0;5;148,0;;90,0;55,0
2020-09-06;18;Ceuta;9,0;6;1,0;;2,0;0,0
2020-09-06;10;C. Valenciana;492,0;5;74,0;;63,0;28,0
2020-09-06;11;Extremadura;66,0;2;11,0;;7,0;72,0
2020-09-06;12;Galicia;205,0;3;18,0;;25,0;17,0
2020-09-06;13;Madrid;2477,0;18;274,0;;221,0;81,0
2020-09-06;19;Melilla;10,0;6;2,0;;3,0;0,0
2020-09-06;14;Murcia;212,0;8;47,0;;32,0;17,0
2020-09-06;15;Navarra;99,0;6;8,0;;8,0;2,0
2020-09-06;16;País Vasco;459,0;12;52,0;;40,0;21,0
2020-09-06;17;La Rioja;69,0;9;10,0;;5,0;1,0
2020-09-06;0;España;7892,0;7;1034,0;;824,0;399,0
2020-09-07;1;Andalucía;796,0;5;120,0;;132,0;79,0
2020-09-07;2;Aragón;473,0;12;67,0;;52,0;54,0
2020-09-07;3;Asturias;44,0;2;7,0;;3,0;4,0
2020-09-07;4;Baleares;356,0;13;54,0;;33,0;29,0
2020-09-07;5;Canarias;253,0;5;54,0;;31,0;19,0
2020-09-07;6;Cantabria;51,0;4;9,0;;11,0;7,0
2020-09-07;8;Castilla La Mancha;325,0;9;37,0;;40,0;41,0
2020-09-07;7;Castilla y León;333,0;7;38,0;;49,0;42,0
2020-09-07;9;Cataluña;1130,0;5;149,0;;102,0;118,0
2020-09-07;18;Ceuta;7,0;4;1,0;;0,0;2,0
2020-09-07;10;C. Valenciana;540,0;5;80,0;;78,0;44,0
2020-09-07;11;Extremadura;65,0;2;8,0;;6,0;2,0
2020-09-07;12;Galicia;220,0;3;23,0;;27,0;27,0
2020-09-07;13;Madrid;2508,0;18;288,0;;294,0;330,0
2020-09-07;19;Melilla;;;;;;
2020-09-07;14;Murcia;203,0;8;39,0;;42,0;29,0
2020-09-07;15;Navarra;104,0;6;7,0;;1,0;15,0
2020-09-07;16;País Vasco;445,0;11;60,0;;45,0;92,0
2020-09-07;17;La Rioja;69,0;9;10,0;;9,0;10,0
2020-09-07;0;España;7972,0;8;1051,0;;955,0;944,0
2020-09-08;1;Andalucía;895,0;5;134,0;;127,0;69,0
2020-09-08;2;Aragón;487,0;12;68,0;;50,0;43,0
2020-09-08;3;Asturias;55,0;2;8,0;;17,0;3,0
2020-09-08;4;Baleares;352,0;13;52,0;;29,0;32,0
2020-09-08;5;Canarias;256,0;5;58,0;;32,0;20,0
2020-09-08;6;Cantabria;48,0;3;9,0;;5,0;10,0
2020-09-08;8;Castilla La Mancha;437,0;10;47,0;;52,0;28,0
2020-09-08;7;Castilla y León;480,0;7;45,0;;51,0;27,0
2020-09-08;9;Cataluña;1122,0;5;151,0;;111,0;124,0
2020-09-08;18;Ceuta;9,0;6;1,0;;2,0;1,0
2020-09-08;10;C. Valenciana;537,0;5;78,0;;65,0;53,0
2020-09-08;11;Extremadura;76,0;2;12,0;;11,0;4,0
2020-09-08;12;Galicia;219,0;3;22,0;;36,0;27,0
2020-09-08;13;Madrid;2506,0;17;299,0;;343,0;321,0
2020-09-08;19;Melilla;11,0;6;2,0;;1,0;1,0
2020-09-08;14;Murcia;800,0;9;65,0;;68,0;28,0
2020-09-08;15;Navarra;106,0;6;8,0;;19,0;16,0
2020-09-08;16;País Vasco;477,0;11;62,0;;79,0;74,0
2020-09-08;17;La Rioja;75,0;10;10,0;;9,0;3,0
2020-09-08;0;España;8398,0;7,30;1131,0;;1107,0;884,0
2020-09-09;1;Andalucía;928,0;6;138,0;;161,0;112,0
2020-09-09;2;Aragón;473,0;12;66,0;;53,0;58,0
2020-09-09;3;Asturias;55,0;2;9,0;;11,0;3,0
2020-09-09;4;Baleares;339,0;12;53,0;;25,0;30,0
2020-09-09;5;Canarias;257,0;5;60,0;;21,0;17,0
2020-09-09;6;Cantabria;59,0;4;9,0;;21,0;4,0
2020-09-09;8;Castilla La Mancha;456,0;10;52,0;;58,0;33,0
2020-09-09;7;Castilla y León;337,0;6;41,0;;45,0;30,0
2020-09-09;9;Cataluña;1128,0;5;151,0;;112,0;114,0
2020-09-09;18;Ceuta;7,0;5;1,0;;1,0;2,0
2020-09-09;10;C. Valenciana;533,0;5;79,0;;75,0;48,0
2020-09-09;11;Extremadura;84,0;2;15,0;;11,0;7,0
2020-09-09;12;Galicia;230,0;3;25,0;;44,0;23,0
2020-09-09;13;Madrid;2563,0;18;304,0;;328,0;348,0
2020-09-09;19;Melilla;14,0;8;1,0;;5,0;2,0
2020-09-09;14;Murcia;258,0;9;54,0;;61,0;38,0
2020-09-09;15;Navarra;109,0;6;7,0;;15,0;15,0
2020-09-09;16;País Vasco;503,0;12;60,0;;88,0;72,0
2020-09-09;17;La Rioja;68,0;9;11,0;;6,0;13,0
2020-09-09;0;España;8401,0;7,40;1136,0;;1141,0;969,0
2020-09-10;1;Andalucía;959,0;6;135,0;;149,0;87,0
2020-09-10;2;Aragón;459,0;11;60,0;;50,0;49,0
2020-09-10;3;Asturias;64,0;2;9,0;;15,0;2,0
2020-09-10;4;Baleares;346,0;12;65,0;;27,0;27,0
2020-09-10;5;Canarias;247,0;5;59,0;;25,0;31,0
2020-09-10;6;Cantabria;65,0;4;6,0;;8,0;3,0
2020-09-10;8;Castilla La Mancha;468,0;10;53,0;;55,0;44,0
2020-09-10;7;Castilla y León;430,0;7;48,0;;61,0;33,0
2020-09-10;9;Cataluña;1116,0;5;151,0;;111,0;128,0
2020-09-10;18;Ceuta;8,0;5;1,0;;2,0;1,0
2020-09-10;10;C. Valenciana;539,0;5;82,0;;75,0;66,0
2020-09-10;11;Extremadura;102,0;3;15,0;;19,0;4,0
2020-09-10;12;Galicia;239,0;3;26,0;;44,0;21,0
2020-09-10;13;Madrid;2594,0;18;322,0;;331,0;300,0
2020-09-10;19;Melilla;14,0;8;2,0;;2,0;1,0
2020-09-10;14;Murcia;318,0;9;64,0;;54,0;35,0
2020-09-10;15;Navarra;109,0;6;7,0;;20,0;20,0
2020-09-10;16;País Vasco;513,0;11;65,0;;71,0;62,0
2020-09-10;17;La Rioja;68,0;9;11,0;;5,0;5,0
2020-09-10;0;España;8658,0;7,50;1181,0;;1124,0;919,0
2020-09-13;1;Andalucía;1068,0;7;133,0;;125,0;64,0
2020-09-13;2;Aragón;465,0;12;60,0;;37,0;19,0
2020-09-13;3;Asturias;58,0;2;10,0;;10,0;0,0
2020-09-13;4;Baleares;347,0;12;63,0;;30,0;8,0
2020-09-13;5;Canarias;260,0;5;56,0;;16,0;10,0
2020-09-13;6;Cantabria;79,0;5;12,0;;14,0;4,0
2020-09-13;8;Castilla La Mancha;518,0;12;59,0;;64,0;15,0
2020-09-13;7;Castilla y León;498,0;9;51,0;;62,0;14,0
2020-09-13;9;Cataluña;1182,0;5;159,0;;91,0;49,0
2020-09-13;18;Ceuta;7,0;4;0,0;;0,0;0,0
2020-09-13;10;C. Valenciana;502,0;5;71,0;;55,0;14,0
2020-09-13;11;Extremadura;132,0;4;17,0;;17,0;1,0
2020-09-13;12;Galicia;216,0;3;26,0;;23,0;9,0
2020-09-13;13;Madrid;2748,0;21;301,0;;284,0;92,0
2020-09-13;19;Melilla;16,0;9;4,0;;5,0;2,0
2020-09-13;14;Murcia;242,0;10;51,0;;26,0;16,0
2020-09-13;15;Navarra;121,0;7;8,0;;12,0;8,0
2020-09-13;16;País Vasco;502,0;12;63,0;;29,0;20,0
2020-09-13;17;La Rioja;83,0;11;13,0;;8,0;1,0
2020-09-13;0;España;9044,0;8,50;1157,0;;908,0;346,0
2020-09-14;1;Andalucía;1091,0;7;142,0;;176,0;127,0
2020-09-14;2;Aragón;481,0;12;60,0;;56,0;40,0
2020-09-14;3;Asturias;59,0;2;11,0;;9,0;6,0
2020-09-14;4;Baleares;341,0;12;64,0;;24,0;32,0
2020-09-14;5;Canarias;259,0;5;54,0;;16,0;23,0
2020-09-14;6;Cantabria;79,0;5;9,0;;5,0;6,0
2020-09-14;8;Castilla La Mancha;555,0;12;61,0;;59,0;43,0
2020-09-14;7;Castilla y León;550,0;9;68,0;;89,0;56,0
2020-09-14;9;Cataluña;1216,0;5;159,0;;105,0;138,0
2020-09-14;18;Ceuta;5,0;3;0,0;;0,0;2,0
2020-09-14;10;C. Valenciana;566,0;5;72,0;;83,0;64,0
2020-09-14;11;Extremadura;127,0;4;19,0;;15,0;10,0
2020-09-14;12;Galicia;259,0;3;29,0;;28,0;19,0
2020-09-14;13;Madrid;3095,0;21;359,0;;380,0;294,0
2020-09-14;19;Melilla;14,0;8;4,0;;1,0;3,0
2020-09-14;14;Murcia;314,0;9;66,0;;61,0;45,0
2020-09-14;15;Navarra;126,0;7;12,0;;32,0;25,0
2020-09-14;16;País Vasco;533,0;12;67,0;;78,0;92,0
2020-09-14;17;La Rioja;82,0;11;17,0;;12,0;10,0
2020-09-14;0;España;9752,0;8,50;1273,0;;1229,0;1035,0
2020-09-15;1;Andalucía;1088,0;7;139,0;;158,0;116,0
2020-09-15;2;Aragón;469,0;12;62,0;;68,0;59,0
2020-09-15;3;Asturias;53,0;2;11,0;;6,0;8,0
2020-09-15;4;Baleares;336,0;11;67,0;;25,0;36,0
2020-09-15;5;Canarias;247,0;5;54,0;;17,0;24,0
2020-09-15;6;Cantabria;76,0;5;8,0;;15,0;2,0
2020-09-15;8;Castilla La Mancha;573,0;13;66,0;;76,0;65,0
2020-09-15;7;Castilla y León;536,0;9;57,0;;69,0;74,0
2020-09-15;9;Cataluña;1235,0;5;156,0;;141,0;143,0
2020-09-15;18;Ceuta;5,0;3;1,0;;1,0;0,0
2020-09-15;10;C. Valenciana;527,0;5;73,0;;61,0;61,0
2020-09-15;11;Extremadura;138,0;4;19,0;;18,0;11,0
2020-09-15;12;Galicia;244,0;3;27,0;;26,0;19,0
2020-09-15;13;Madrid;3207,0;22;377,0;;470,0;354,0
2020-09-15;19;Melilla;14,0;8;4,0;;2,0;2,0
2020-09-15;14;Murcia;306,0;9;66,0;;48,0;42,0
2020-09-15;15;Navarra;132,0;7;13,0;;22,0;16,0
2020-09-15;16;País Vasco;542,0;12;64,0;;80,0;81,0
2020-09-15;17;La Rioja;82,0;11;17,0;;12,0;10,0
2020-09-15;0;España;9810,0;8,50;1281,0;;1315,0;1123,0
2020-09-16;1;Andalucía;1082,0;7;144,0;;153,0;135,0
2020-09-16;2;Aragón;466,0;12;62,0;;55,0;45,0
2020-09-16;3;Asturias;53,0;2;10,0;;11,0;8,0
2020-09-16;4;Baleares;323,0;11;63,0;;19,0;33,0
2020-09-16;5;Canarias;249,0;5;57,0;;24,0;17,0
2020-09-16;6;Cantabria;73,0;5;11,0;;13,0;6,0
2020-09-16;8;Castilla La Mancha;586,0;13;73,0;;69,0;46,0
2020-09-16;7;Castilla y León;555,0;9;58,0;;92,0;55,0
2020-09-16;9;Cataluña;1282,0;5;152,0;;115,0;134,0
2020-09-16;18;Ceuta;6,0;4;1,0;;1,0;0,0
2020-09-16;10;C. Valenciana;528,0;5;74,0;;69,0;54,0
2020-09-16;11;Extremadura;139,0;4;21,0;;18,0;11,0
2020-09-16;12;Galicia;255,0;3;30,0;;48,0;10,0
2020-09-16;13;Madrid;3323,0;21;409,0;;439,0;324,0
2020-09-16;19;Melilla;14,0;8;4,0;;2,0;2,0
2020-09-16;14;Murcia;312,0;9;58,0;;64,0;38,0
2020-09-16;15;Navarra;133,0;7;18,0;;26,0;24,0
2020-09-16;16;País Vasco;540,0;12;65,0;;88,0;87,0
2020-09-16;17;La Rioja;84,0;11;21,0;;11,0;7,0
2020-09-16;0;España;10003,0;8,60;1331,0;;1317,0;1036,0
2020-09-17;1;Andalucía;1087,0;7;149,0;;160,0;137,0
2020-09-17;2;Aragón;470,0;12;62,0;;53,0;44,0
2020-09-17;3;Asturias;50,0;2;12,0;;12,0;8,0
2020-09-17;4;Baleares;302,0;11;59,0;;31,0;20,0
2020-09-17;5;Canarias;241,0;5;58,0;;17,0;26,0
2020-09-17;6;Cantabria;72,0;5;10,0;;9,0;11,0
2020-09-17;8;Castilla La Mancha;586,0;13;78,0;;69,0;62,0
2020-09-17;7;Castilla y León;588,0;10;56,0;;108,0;49,0
2020-09-17;9;Cataluña;1304,0;5;154,0;;105,0;111,0
2020-09-17;18;Ceuta;6,0;4;1,0;;1,0;0,0
2020-09-17;10;C. Valenciana;560,0;5;75,0;;76,0;65,0
2020-09-17;11;Extremadura;139,0;4;23,0;;19,0;12,0
2020-09-17;12;Galicia;255,0;3;32,0;;56,0;28,0
2020-09-17;13;Madrid;3411,0;22;403,0;;433,0;366,0
2020-09-17;19;Melilla;15,0;8;4,0;;3,0;2,0
2020-09-17;14;Murcia;307,0;9;65,0;;49,0;40,0
2020-09-17;15;Navarra;152,0;8;19,0;;29,0;11,0
2020-09-17;16;País Vasco;509,0;11;63,0;;61,0;95,0
2020-09-17;17;La Rioja;89,0;12;22,0;;8,0;4,0
2020-09-17;0;España;10143,0;8,70;1345,0;;1299,0;1091,0
2020-09-20;1;Andalucía;1156,0;7;159,0;;116,0;59,0
2020-09-20;2;Aragón;484,0;12;64,0;;34,0;21,0
2020-09-20;3;Asturias;53,0;2;11,0;;8,0;2,0
2020-09-20;4;Baleares;350,0;12;67,0;;18,0;8,0
2020-09-20;5;Canarias;257,0;5;57,0;;21,0;13,0
2020-09-20;6;Cantabria;79,0;5;11,0;;6,0;5,0
2020-09-20;8;Castilla La Mancha;612,0;13;81,0;;72,0;47,0
2020-09-20;7;Castilla y León;654,0;11;76,0;;85,0;22,0
2020-09-20;9;Cataluña;1261,0;5;159,0;;124,0;63,0
2020-09-20;18;Ceuta;4,0;3;1,0;;0,0;0,0
2020-09-20;10;C. Valenciana;743,0;7;87,0;;81,0;17,0
2020-09-20;11;Extremadura;170,0;5;24,0;;21,0;4,0
2020-09-20;12;Galicia;256,0;3;32,0;;30,0;6,0
2020-09-20;13;Madrid;3849,0;25;412,0;;308,0;180,0
2020-09-20;19;Melilla;15,0;8;3,0;;3,0;2,0
2020-09-20;14;Murcia;311,0;9;64,0;;57,0;27,0
2020-09-20;15;Navarra;170,0;9;21,0;;25,0;14,0
2020-09-20;16;País Vasco;521,0;11;67,0;;37,0;25,0
2020-09-20;17;La Rioja;86,0;11;21,0;;6,0;4,0
2020-09-20;0;España;11031,0;9,50;1417,0;;1052,0;519,0
2020-09-21;1;Andalucía;1127,0;7;156,0;10;150,0;143,0
2020-09-21;2;Aragón;503,0;13;64,0;32;55,0;35,0
2020-09-21;3;Asturias;59,0;2;11,0;5;14,0;5,0
2020-09-21;4;Baleares;332,0;11;69,0;25;21,0;33,0
2020-09-21;5;Canarias;254,0;5;59,0;14;21,0;24,0
2020-09-21;6;Cantabria;68,0;5;9,0;8;8,0;13,0
2020-09-21;8;Castilla La Mancha;641,0;14;83,0;24;79,0;70,0
2020-09-21;7;Castilla y León;684,0;11;82,0;24;112,0;61,0
2020-09-21;9;Cataluña;1332,0;6;161,0;15;98,0;132,0
2020-09-21;18;Ceuta;5,0;3;1,0;14;1,0;0,0
2020-09-21;10;C. Valenciana;564,0;5;89,0;9;92,0;70,0
2020-09-21;11;Extremadura;184,0;6;24,0;12;23,0;15,0
2020-09-21;12;Galicia;255,0;3;30,0;4;34,0;23,0
2020-09-21;13;Madrid;3773,0;25;422,0;38;413,0;454,0
2020-09-21;19;Melilla;15,0;8;2,0;17;1,0;2,0
2020-09-21;14;Murcia;294,0;8;63,0;16;58,0;38,0
2020-09-21;15;Navarra;178,0;10;25,0;21;24,0;20,0
2020-09-21;16;País Vasco;494,0;11;66,0;21;50,0;86,0
2020-09-21;17;La Rioja;87,0;11;22,0;42;7,0;6,0
2020-09-21;0;España;10849,0;9;1438,0;17;1261,0;1230,0
2020-09-22;1;Andalucía;1117,0;6,79;157,0;10,24;179,0;130,0
2020-09-22;2;Aragón;512,0;12,76;62,0;31,47;58,0;59,0
2020-09-22;3;Asturias;62,0;1,98;13,0;5,35;14,0;5,0
2020-09-22;4;Baleares;296,0;10,03;68,0;24,03;15,0;37,0
2020-09-22;5;Canarias;250,0;5,12;61,0;14,70;12,0;18,0
2020-09-22;6;Cantabria;65,0;4,64;9,0;8,49;6,0;7,0
2020-09-22;8;Castilla La Mancha;640,0;13,86;82,0;23,43;76,0;65,0
2020-09-22;7;Castilla y León;664,0;10,99;80,0;23,19;83,0;82,0
2020-09-22;9;Cataluña;1284,0;5,27;158,0;14,46;116,0;151,0
2020-09-22;18;Ceuta;9,0;5,63;3,0;42,86;4,0;0,0
2020-09-22;10;C. Valenciana;545,0;4,82;80,0;7,95;82,0;72,0
2020-09-22;11;Extremadura;181,0;5,80;20,0;9,85;19,0;14,0
2020-09-22;12;Galicia;248,0;3,06;33,0;4,62;38,0;31,0
2020-09-22;13;Madrid;3813,0;24,93;436,0;38,28;504,0;446,0
2020-09-22;19;Melilla;16,0;9,04;3,0;25,00;3,0;2,0
2020-09-22;14;Murcia;293,0;8,32;58,0;14,76;54,0;44,0
2020-09-22;15;Navarra;183,0;9,81;25,0;20,33;32,0;26,0
2020-09-22;16;País Vasco;487,0;10,57;67,0;21,27;54,0;67,0
2020-09-22;17;La Rioja;90,0;11,60;21,0;40,38;13,0;10,0
2020-09-22;0;España;10755,0;9,21;1436,0;16,84;1362,0;1266,0
2020-09-23;1;Andalucía;1146,0;6,97;159,0;10,37;145,0;102,0
2020-09-23;2;Aragón;471,0;11,73;61,0;30,96;47,0;55,0
2020-09-23;3;Asturias;61,0;1,95;13,0;5,35;8,0;3,0
2020-09-23;4;Baleares;473,0;15,98;69,0;24,56;23,0;24,0
2020-09-23;5;Canarias;243,0;4,98;62,0;14,90;17,0;19,0
2020-09-23;6;Cantabria;57,0;4,07;9,0;8,49;8,0;12,0
2020-09-23;8;Castilla La Mancha;637,0;13,80;83,0;23,78;67,0;76,0
2020-09-23;7;Castilla y León;690,0;11,26;89,0;25,65;110,0;74,0
2020-09-23;9;Cataluña;1254,0;5,21;151,0;14,18;104,0;134,0
2020-09-23;18;Ceuta;12,0;7,50;3,0;42,86;3,0;0,0
2020-09-23;10;C. Valenciana;526,0;4,75;76,0;7,65;70,0;55,0
2020-09-23;11;Extremadura;198,0;6,34;25,0;12,32;32,0;13,0
2020-09-23;12;Galicia;248,0;3,06;31,0;4,34;40,0;28,0
2020-09-23;13;Madrid;3968,0;26,14;443,0;38,93;486,0;425,0
2020-09-23;19;Melilla;16,0;9,04;3,0;25,00;0,0;2,0
2020-09-23;14;Murcia;288,0;8,17;59,0;14,97;59,0;49,0
2020-09-23;15;Navarra;187,0;10,02;24,0;20,17;18,0;14,0
2020-09-23;16;País Vasco;480,0;10,44;64,0;20,38;64,0;78,0
2020-09-23;17;La Rioja;86,0;11,03;21,0;37,50;9,0;14,0
2020-09-23;0;España;11041,0;9,50;1445,0;17,02;1310,0;1177,0
2020-09-24;1;Andalucía;1253,0;7,62;164,0;10,68;205,0;108,0
2020-09-24;2;Aragón;458,0;11,40;61,0;30,96;54,0;55,0
2020-09-24;3;Asturias;67,0;2,14;11,0;4,53;17,0;7,0
2020-09-24;4;Baleares;292,0;9,84;70,0;24,91;17,0;13,0
2020-09-24;5;Canarias;257,0;5,21;61,0;14,52;22,0;18,0
2020-09-24;6;Cantabria;60,0;4,29;6,0;5,66;8,0;10,0
2020-09-24;8;Castilla La Mancha;660,0;14,29;85,0;24,36;79,0;62,0
2020-09-24;7;Castilla y León;718,0;11,77;90,0;26,32;102,0;77,0
2020-09-24;9;Cataluña;1313,0;3,07;150,0;13,80;97,0;89,0
2020-09-24;18;Ceuta;12,0;7,10;3,0;17,65;0,0;0,0
2020-09-24;10;C. Valenciana;542,0;4,79;81,0;8,03;65,0;53,0
2020-09-24;11;Extremadura;207,0;6,63;27,0;13,30;23,0;10,0
2020-09-24;12;Galicia;253,0;3,12;32,0;4,48;31,0;22,0
2020-09-24;13;Madrid;3873,0;25,43;455,0;40,12;490,0;423,0
2020-09-24;19;Melilla;16,0;9,04;3,0;25,00;1,0;1,0
2020-09-24;14;Murcia;282,0;8,01;58,0;14,80;59,0;46,0
2020-09-24;15;Navarra;187,0;10,03;26,0;21,85;28,0;26,0
2020-09-24;16;País Vasco;470,0;10,29;61,0;19,43;51,0;73,0
2020-09-24;17;La Rioja;86,0;11,03;21,0;37,50;9,0;14,0
2020-09-24;0;España;11006,0;8,14;1465,0;17,17;1358,0;1107,0
2020-09-27;1;Andalucía;1237,0;7,62;175,0;11,62;125,0;42,0
2020-09-27;2;Aragón;480,0;11,94;66,0;33,33;33,0;16,0
2020-09-27;3;Asturias;71,0;2,25;14,0;5,76;8,0;1,0
2020-09-27;4;Baleares;297,0;10,09;65,0;23,13;17,0;8,0
2020-09-27;5;Canarias;257,0;5,21;67,0;14,69;21,0;8,0
2020-09-27;6;Cantabria;66,0;4,23;9,0;7,83;4,0;0,0
2020-09-27;8;Castilla La Mancha;670,0;14,48;85,0;24,50;58,0;21,0
2020-09-27;7;Castilla y León;817,0;13,30;101,0;28,45;98,0;26,0
2020-09-27;9;Cataluña;1303,0;5,51;152,0;14,04;88,0;56,0
2020-09-27;18;Ceuta;15,0;8,57;4,0;23,53;1,0;0,0
2020-09-27;10;C. Valenciana;533,0;4,74;79,0;7,92;65,0;15,0
2020-09-27;11;Extremadura;230,0;7,36;27,0;13,57;15,0;2,0
2020-09-27;12;Galicia;246,0;3,05;30,0;4,21;29,0;9,0
2020-09-27;13;Madrid;3841,0;25,96;469,0;41,18;275,0;177,0
2020-09-27;19;Melilla;16,0;9,04;2,0;16,67;1,0;0,0
2020-09-27;14;Murcia;317,0;9,00;71,0;18,02;70,0;24,0
2020-09-27;15;Navarra;196,0;10,52;29,0;24,58;11,0;8,0
2020-09-27;16;País Vasco;479,0;10,60;64,0;20,65;34,0;7,0
2020-09-27;17;La Rioja;76,0;9,74;20,0;35,71;2,0;2,0
2020-09-27;0;España;11147,0;9,65;1529,0;17,91;955,0;422,0
2020-09-28;1;Andalucía;1230,0;7,59;173,0;11,50;149,0;138,0
2020-09-28;2;Aragón;463,0;11,54;63,0;31,82;48,0;48,0
2020-09-28;3;Asturias;75,0;2,38;17,0;7,00;18,0;5,0
2020-09-28;4;Baleares;276,0;9,39;60,0;21,35;8,0;29,0
2020-09-28;5;Canarias;255,0;5,21;67,0;16,11;18,0;20,0
2020-09-28;6;Cantabria;64,0;4,11;10,0;8,70;12,0;7,0
2020-09-28;8;Castilla La Mancha;626,0;13,54;80,0;22,92;69,0;99,0
2020-09-28;7;Castilla y León;805,0;13,27;106,0;31,36;97,0;96,0
2020-09-28;9;Cataluña;1364,0;5,67;155,0;14,23;109,0;163,0
2020-09-28;18;Ceuta;16,0;9,14;5,0;29,41;2,0;0,0
2020-09-28;10;C. Valenciana;501,0;4,45;83,0;8,13;69,0;81,0
2020-09-28;11;Extremadura;218,0;6,95;29,0;14,57;17,0;12,0
2020-09-28;12;Galicia;248,0;3,06;30,0;4,20;29,0;22,0
2020-09-28;13;Madrid;3775,0;24,92;484,0;41,87;427,0;499,0
2020-09-28;19;Melilla;15,0;8,47;2,0;16,67;1,0;2,0
2020-09-28;14;Murcia;294,0;8,30;70,0;17,77;53,0;53,0
2020-09-28;15;Navarra;185,0;9,89;26,0;22,03;21,0;22,0
2020-09-28;16;País Vasco;463,0;10,08;56,0;17,83;57,0;80,0
2020-09-28;17;La Rioja;68,0;8,72;19,0;33,93;5,0;13,0
2020-09-28;0;España;10941,0;9,41;1535,0;17,98;1209,0;1389,0
2020-09-29;1;Andalucía;1220,0;7,42;183,0;11,96;162,0;157,0
2020-09-29;2;Aragón;418,0;10,40;61,0;30,81;34,0;60,0
2020-09-29;3;Asturias;72,0;2,29;16,0;6,58;18,0;11,0
2020-09-29;4;Baleares;254,0;8,56;56,0;19,93;10,0;30,0
2020-09-29;5;Canarias;265,0;5,42;63,0;15,22;22,0;15,0
2020-09-29;6;Cantabria;63,0;4,04;11,0;9,57;8,0;7,0
2020-09-29;8;Castilla La Mancha;628,0;13,58;84,0;24,07;63,0;63,0
2020-09-29;7;Castilla y León;805,0;13,11;112,0;31,91;108,0;89,0
2020-09-29;9;Cataluña;1513,0;6,23;157,0;14,35;114,0;121,0
2020-09-29;18;Ceuta;16,0;9,20;5,0;29,41;0,0;0,0
2020-09-29;10;C. Valenciana;472,0;4,17;78,0;7,73;67,0;55,0
2020-09-29;11;Extremadura;203,0;6,48;28,0;14,07;9,0;13,0
2020-09-29;12;Galicia;236,0;2,91;30,0;4,20;31,0;24,0
2020-09-29;13;Madrid;3683,0;24,22;487,0;41,70;433,0;498,0
2020-09-29;19;Melilla;11,0;6,21;2,0;16,67;0,0;4,0
2020-09-29;14;Murcia;287,0;8,15;70,0;17,77;64,0;54,0
2020-09-29;15;Navarra;174,0;9,12;23,0;17,97;18,0;27,0
2020-09-29;16;País Vasco;459,0;10,00;55,0;17,63;67,0;77,0
2020-09-29;17;La Rioja;76,0;9,74;18,0;32,14;13,0;5,0
2020-09-29;0;España;10855,0;9,28;1539,0;17,93;1241,0;1310,0
2020-09-30;1;Andalucía;1169,0;7,12;186,0;12,27;147,0;158,0
2020-09-30;2;Aragón;429,0;10,58;63,0;31,82;58,0;35,0
2020-09-30;3;Asturias;66,0;2,08;14,0;5,76;12,0;12,0
2020-09-30;4;Baleares;247,0;8,24;55,0;19,57;17,0;23,0
2020-09-30;5;Canarias;248,0;5,03;63,0;15,14;21,0;21,0
2020-09-30;6;Cantabria;60,0;3,85;12,0;10,43;13,0;7,0
2020-09-30;8;Castilla La Mancha;622,0;13,42;91,0;26,00;77,0;87,0
2020-09-30;7;Castilla y León;810,0;13,11;106,0;29,20;116,0;103,0
2020-09-30;9;Cataluña;1324,0;5,42;158,0;14,42;134,0;150,0
2020-09-30;18;Ceuta;16,0;9,04;5,0;29,41;0,0;0,0
2020-09-30;10;C. Valenciana;455,0;4,00;76,0;7,46;63,0;43,0
2020-09-30;11;Extremadura;202,0;6,57;30,0;15,23;15,0;14,0
2020-09-30;12;Galicia;252,0;3,10;33,0;4,62;43,0;20,0
2020-09-30;13;Madrid;3622,0;23,66;497,0;42,12;397,0;417,0
2020-09-30;19;Melilla;12,0;6,78;2,0;16,67;4,0;3,0
2020-09-30;14;Murcia;290,0;8,23;71,0;18,02;61,0;41,0
2020-09-30;15;Navarra;200,0;9,61;26,0;20,16;28,0;26,0
2020-09-30;16;País Vasco;459,0;10,02;55,0;17,52;64,0;62,0
2020-09-30;17;La Rioja;76,0;9,74;18,0;32,14;10,0;11,0
2020-09-30;0;España;10559,0;8,98;1561,0;18,13;1280,0;1233,0
2020-10-01;1;Andalucía;1158,0;7,05;185,0;12,15;163,0;142,0
2020-10-01;2;Aragón;420,0;10,31;60,0;30,30;55,0;57,0
2020-10-01;3;Asturias;75,0;2,37;17,0;7,00;20,0;3,0
2020-10-01;4;Baleares;240,0;7,96;51,0;18,15;17,0;18,0
2020-10-01;5;Canarias;251,0;5,06;56,0;13,33;18,0;21,0
2020-10-01;6;Cantabria;61,0;3,91;11,0;9,57;11,0;9,0
2020-10-01;8;Castilla La Mancha;600,0;12,80;90,0;24,26;62,0;62,0
2020-10-01;7;Castilla y León;789,0;12,69;106,0;29,20;89,0;76,0
2020-10-01;9;Cataluña;1363,0;5,55;166,0;15,05;136,0;126,0
2020-10-01;18;Ceuta;18,0;10,11;5,0;29,41;2,0;0,0
2020-10-01;10;C. Valenciana;451,0;3,96;75,0;7,38;59,0;51,0
2020-10-01;11;Extremadura;186,0;5,92;33,0;14,80;11,0;14,0
2020-10-01;12;Galicia;239,0;2,94;33,0;4,62;28,0;22,0
2020-10-01;13;Madrid;3561,0;22,90;513,0;42,61;381,0;423,0
2020-10-01;19;Melilla;11,0;6,21;2,0;16,67;1,0;2,0
2020-10-01;14;Murcia;288,0;8,12;63,0;15,87;50,0;28,0
2020-10-01;15;Navarra;186,0;8,99;27,0;20,93;26,0;42,0
2020-10-01;16;País Vasco;451,0;9,82;56,0;17,55;57,0;65,0
2020-10-01;17;La Rioja;24,0;3,08;17,0;30,36;7,0;9,0
2020-10-01;0;España;10372,0;8,77;1566,0;17,99;1193,0;1170,0
2020-10-04;1;Andalucía;1227,0;7,47;173,0;11,33;121,0;46,0
2020-10-04;2;Aragón;450,0;11,03;64,0;32,32;37,0;11,0
2020-10-04;3;Asturias;106,0;3,35;20,0;8,23;20,0;4,0
2020-10-04;4;Baleares;210,0;6,89;51,0;18,02;5,0;6,0
2020-10-04;5;Canarias;281,0;5,70;56,0;13,43;23,0;4,0
2020-10-04;6;Cantabria;46,0;3,20;13,0;12,15;8,0;4,0
2020-10-04;8;Castilla La Mancha;656,0;14,00;92,0;24,93;67,0;20,0
2020-10-04;7;Castilla y León;857,0;13,91;119,0;34,20;75,0;13,0
2020-10-04;9;Cataluña;1408,0;5,87;174,0;16,04;113,0;62,0
2020-10-04;18;Ceuta;19,0;10,86;5,0;29,41;3,0;0,0
2020-10-04;10;C. Valenciana;534,0;4,94;69,0;7,03;49,0;21,0
2020-10-04;11;Extremadura;190,0;6,04;30,0;13,45;10,0;3,0
2020-10-04;12;Galicia;253,0;3,12;39,0;5,48;31,0;8,0
2020-10-04;13;Madrid;3625,0;23,23;506,0;41,54;212,0;130,0
2020-10-04;19;Melilla;17,0;9,60;2,0;16,67;5,0;0,0
2020-10-04;14;Murcia;312,0;8,81;69,0;17,56;48,0;26,0
2020-10-04;15;Navarra;225,0;10,76;24,0;18,60;25,0;7,0
2020-10-04;16;País Vasco;453,0;10,06;59,0;19,47;33,0;17,0
2020-10-04;17;La Rioja;80,0;9,29;15,0;26,32;6,0;8,0
2020-10-04;0;España;10949,0;9,36;1580,0;18,32;891,0;390,0
2020-10-05;1;Andalucía;1223,0;7,45;167,0;10,94;171,0;150,0
2020-10-05;2;Aragón;418,0;10,08;62,0;23,75;38,0;52,0
2020-10-05;3;Asturias;106,0;3,32;21,0;8,64;17,0;9,0
2020-10-05;4;Baleares;217,0;7,09;43,0;15,47;19,0;14,0
2020-10-05;5;Canarias;286,0;5,80;60,0;14,39;17,0;11,0
2020-10-05;6;Cantabria;53,0;3,40;9,0;7,83;12,0;9,0
2020-10-05;8;Castilla La Mancha;629,0;13,42;93,0;25,14;70,0;91,0
2020-10-05;7;Castilla y León;841,0;13,25;117,0;29,03;102,0;78,0
2020-10-05;9;Cataluña;1420,0;5,84;181,0;16,54;123,0;110,0
2020-10-05;18;Ceuta;18,0;10,11;5,0;29,41;1,0;1,0
2020-10-05;10;C. Valenciana;464,0;4,25;70,0;7,14;76,0;70,0
2020-10-05;11;Extremadura;170,0;5,39;25,0;11,21;14,0;15,0
2020-10-05;12;Galicia;247,0;3,10;34,0;4,97;43,0;30,0
2020-10-05;13;Madrid;3483,0;22,32;494,0;40,53;317,0;452,0
2020-10-05;19;Melilla;18,0;10,17;2,0;16,67;2,0;1,0
2020-10-05;14;Murcia;345,0;9,71;66,0;16,88;45,0;42,0
2020-10-05;15;Navarra;206,0;9,81;24,0;18,60;25,0;33,0
2020-10-05;16;País Vasco;472,0;10,12;56,0;18,06;62,0;57,0
2020-10-05;17;La Rioja;80,0;9,30;15,0;25,00;8,0;13,0
2020-10-05;0;España;10696,0;9,08;1544,0;17,68;1162,0;1238,0
2020-10-06;1;Andalucía;1183,0;7,21;164,0;10,81;165,0;162,0
2020-10-06;2;Aragón;418,0;10,21;60,0;30,15;56,0;44,0
2020-10-06;3;Asturias;116,0;3,63;21,0;8,64;14,0;9,0
2020-10-06;4;Baleares;205,0;6,68;43,0;15,47;6,0;14,0
2020-10-06;5;Canarias;270,0;5,47;65,0;15,59;19,0;28,0
2020-10-06;6;Cantabria;50,0;3,21;9,0;7,83;6,0;3,0
2020-10-06;8;Castilla La Mancha;601,0;12,81;94,0;25,00;71,0;84,0
2020-10-06;7;Castilla y León;848,0;13,18;127,0;29,60;111,0;88,0
2020-10-06;9;Cataluña;1394,0;5,69;181,0;16,29;133,0;261,0
2020-10-06;18;Ceuta;16,0;9,14;5,0;29,41;0,0;2,0
2020-10-06;10;C. Valenciana;494,0;4,35;69,0;6,85;85,0;56,0
2020-10-06;11;Extremadura;173,0;5,50;30,0;13,45;19,0;9,0
2020-10-06;12;Galicia;242,0;2,99;37,0;5,20;36,0;24,0
2020-10-06;13;Madrid;3490,0;22,13;498,0;40,36;369,0;437,0
2020-10-06;19;Melilla;19,0;10,73;1,0;8,33;4,0;3,0
2020-10-06;14;Murcia;361,0;10,15;68,0;17,22;68,0;47,0
2020-10-06;15;Navarra;228,0;10,85;25,0;19,38;49,0;34,0
2020-10-06;16;País Vasco;474,0;10,13;54,0;17,42;77,0;82,0
2020-10-06;17;La Rioja;80,0;9,30;17,0;28,33;11,0;7,0
2020-10-06;0;España;10662,0;8,97;1568,0;17,85;1299,0;1394,0
2020-10-07;1;Andalucía;1159,0;7,07;167,0;11,03;163,0;148,0
2020-10-07;2;Aragón;428,0;10,49;61,0;30,81;56,0;46,0
2020-10-07;3;Asturias;127,0;3,98;24,0;9,88;23,0;14,0
2020-10-07;4;Baleares;191,0;6,27;44,0;15,83;14,0;23,0
2020-10-07;5;Canarias;266,0;5,39;65,0;15,59;14,0;13,0
2020-10-07;6;Cantabria;44,0;2,82;7,0;6,09;5,0;3,0
2020-10-07;8;Castilla La Mancha;575,0;12,25;94,0;25,00;70,0;83,0
2020-10-07;7;Castilla y León;888,0;13,86;134,0;31,90;121,0;77,0
2020-10-07;9;Cataluña;1596,0;6,52;184,0;16,56;142,0;110,0
2020-10-07;18;Ceuta;19,0;10,61;5,0;29,41;3,0;1,0
2020-10-07;10;C. Valenciana;473,0;4,16;71,0;7,06;97,0;53,0
2020-10-07;11;Extremadura;160,0;5,09;25,0;11,21;18,0;21,0
2020-10-07;12;Galicia;249,0;3,06;38,0;5,34;42,0;20,0
2020-10-07;13;Madrid;3361,0;21,10;498,0;39,81;338,0;406,0
2020-10-07;19;Melilla;20,0;11,30;2,0;16,67;5,0;5,0
2020-10-07;14;Murcia;303,0;8,52;69,0;17,51;45,0;47,0
2020-10-07;15;Navarra;235,0;11,07;27,0;20,93;39,0;33,0
2020-10-07;16;País Vasco;470,0;9,99;54,0;17,36;56,0;60,0
2020-10-07;17;La Rioja;81,0;9,42;16,0;26,67;11,0;13,0
2020-10-07;0;España;10645,0;8,95;1585,0;18,04;1262,0;1176,0
2020-10-08;1;Andalucía;1185,0;7,22;175,0;11,51;179,0;120,0
2020-10-08;2;Aragón;429,0;10,32;65,0;24,25;65,0;50,0
2020-10-08;3;Asturias;136,0;4,26;24,0;9,88;20,0;14,0
2020-10-08;4;Baleares;186,0;6,11;41,0;14,75;13,0;15,0
2020-10-08;5;Canarias;265,0;5,34;68,0;16,15;21,0;17,0
2020-10-08;6;Cantabria;45,0;2,89;8,0;6,96;7,0;3,0
2020-10-08;8;Castilla La Mancha;577,0;12,30;88,0;23,40;61,0;69,0
2020-10-08;7;Castilla y León;900,0;14,06;132,0;31,06;120,0;99,0
2020-10-08;9;Cataluña;1536,0;5,61;189,0;16,84;184,0;164,0
2020-10-08;18;Ceuta;16,0;8,94;5,0;29,41;1,0;3,0
2020-10-08;10;C. Valenciana;507,0;4,46;73,0;7,26;93,0;49,0
2020-10-08;11;Extremadura;153,0;4,87;25,0;11,21;19,0;17,0
2020-10-08;12;Galicia;271,0;3,34;39,0;5,48;39,0;24,0
2020-10-08;13;Madrid;3256,0;20,61;490,0;39,33;328,0;376,0
2020-10-08;19;Melilla;20,0;11,30;2,0;16,67;2,0;2,0
2020-10-08;14;Murcia;285,0;8,02;64,0;16,28;39,0;27,0
2020-10-08;15;Navarra;242,0;11,40;30,0;23,26;39,0;31,0
2020-10-08;16;País Vasco;463,0;9,90;54,0;17,25;63,0;78,0
2020-10-08;17;La Rioja;82,0;9,53;18,0;30,00;10,0;7,0
2020-10-08;0;España;10554,0;8,66;1590,0;17,91;1303,0;1165,0
2020-10-09;1;Andalucía;1081,0;7,22;160,0;11,50;208,0;177,0
2020-10-09;2;Aragón;409,0;10,32;65,0;32,66;50,0;55,0
2020-10-09;3;Asturias;136,0;5,00;22,0;9,05;23,0;20,0
2020-10-09;4;Baleares;164,0;5,00;40,0;14,39;12,0;26,0
2020-10-09;5;Canarias;265,0;5,34;68,0;16,00;16,0;28,0
2020-10-09;6;Cantabria;37,0;2,00;7,0;6,09;5,0;5,0
2020-10-09;8;Castilla La Mancha;577,0;12,00;88,0;23,40;61,0;69,0
2020-10-09;7;Castilla y León;884,0;14,06;126,0;29,65;114,0;116,0
2020-10-09;9;Cataluña;1536,0;5,61;189,0;16,84;184,0;164,0
2020-10-09;18;Ceuta;16,0;8,94;5,0;29,41;1,0;3,0
2020-10-09;10;C. Valenciana;507,0;4,00;73,0;7,26;93,0;49,0
2020-10-09;11;Extremadura;153,0;5,00;25,0;11,21;19,0;17,0
2020-10-09;12;Galicia;271,0;3,34;39,0;5,48;39,0;24,0
2020-10-09;13;Madrid;3020,0;20,00;477,0;38,28;340,0;515,0
2020-10-09;19;Melilla;22,0;12,00;1,0;8,33;8,0;6,0
2020-10-09;14;Murcia;285,0;8,00;64,0;16,28;39,0;27,0
2020-10-09;15;Navarra;237,0;11,40;32,0;24,81;31,0;36,0
2020-10-09;16;País Vasco;428,0;9,00;47,0;15,02;73,0;108,0
2020-10-09;17;La Rioja;81,0;9,00;18,0;30,00;6,0;8,0
2020-10-09;0;España;10109,0;8,27;1546,0;18,19;1322,0;1453,0
2020-10-12;1;Andalucía;1404,0;8,56;190,0;12,51;179,0;72,0
2020-10-12;2;Aragón;454,0;11,07;65,0;31,55;54,0;22,0
2020-10-12;3;Asturias;184,0;5,76;27,0;10,55;21,0;9,0
2020-10-12;4;Baleares;197,0;6,45;44,0;15,66;12,0;6,0
2020-10-12;5;Canarias;273,0;5,54;60,0;14,39;12,0;3,0
2020-10-12;6;Cantabria;55,0;3,62;12,0;10,43;11,0;0,0
2020-10-12;8;Castilla La Mancha;651,0;13,89;92,0;24,47;103,0;32,0
2020-10-12;7;Castilla y León;963,0;16,44;116,0;31,96;78,0;27,0
2020-10-12;9;Cataluña;1680,0;6,97;213,0;19,52;185,0;118,0
2020-10-12;18;Ceuta;18,0;10,40;6,0;35,29;2,0;0,0
2020-10-12;10;C. Valenciana;582,0;5,27;78,0;7,89;91,0;16,0
2020-10-12;11;Extremadura;180,0;5,73;27,0;12,11;16,0;5,0
2020-10-12;12;Galicia;246,0;3,33;34,0;5,22;39,0;9,0
2020-10-12;13;Madrid;3325,0;21,00;477,0;38,22;251,0;121,0
2020-10-12;19;Melilla;26,0;14,69;1,0;8,33;2,0;2,0
2020-10-12;14;Murcia;213,0;9,62;45,0;20,64;25,0;8,0
2020-10-12;15;Navarra;273,0;12,87;33,0;25,78;19,0;13,0
2020-10-12;16;País Vasco;476,0;10,25;53,0;16,88;38,0;23,0
2020-10-12;17;La Rioja;97,0;11,28;22,0;36,67;11,0;2,0
2020-10-12;0;España;11297,0;9,79;1595,0;18,80;1149,0;488,0
2020-10-13;1;Andalucía;1409,0;8,59;192,0;12,61;196,0;148,0
2020-10-13;2;Aragón;491,0;11,98;65,0;32,66;90,0;44,0
2020-10-13;3;Asturias;204,0;6,27;25,0;9,77;33,0;24,0
2020-10-13;4;Baleares;188,0;6,21;42,0;14,89;16,0;16,0
2020-10-13;5;Canarias;275,0;5,58;61,0;14,63;25,0;12,0
2020-10-13;6;Cantabria;50,0;3,21;11,0;9,57;9,0;3,0
2020-10-13;8;Castilla La Mancha;640,0;13,64;90,0;23,87;71,0;81,0
2020-10-13;7;Castilla y León;1023,0;15,95;133,0;31,29;112,0;109,0
2020-10-13;9;Cataluña;1866,0;7,55;231,0;20,46;217,0;282,0
2020-10-13;18;Ceuta;20,0;11,30;7,0;41,18;3,0;1,0
2020-10-13;10;C. Valenciana;616,0;5,41;90,0;8,85;100,0;63,0
2020-10-13;11;Extremadura;179,0;5,69;27,0;12,56;21,0;14,0
2020-10-13;12;Galicia;254,0;3,44;35,0;5,38;46,0;21,0
2020-10-13;13;Madrid;3257,0;20,36;477,0;37,56;308,0;407,0
2020-10-13;19;Melilla;30,0;16,95;1,0;8,33;5,0;2,0
2020-10-13;14;Murcia;325,0;9,13;64,0;16,04;61,0;50,0
2020-10-13;15;Navarra;260,0;12,17;32,0;24,81;29,0;43,0
2020-10-13;16;País Vasco;484,0;10,32;51,0;16,19;68,0;69,0
2020-10-13;17;La Rioja;100,0;11,63;18,0;30,00;12,0;16,0
2020-10-13;0;España;11671,0;9,84;1652,0;18,76;1422,0;1405,0
2020-10-14;1;Andalucía;1449,0;8,82;198,0;13,03;237,0;157,0
2020-10-14;2;Aragón;502,0;12,27;66,0;34,20;65,0;49,0
2020-10-14;3;Asturias;220,0;6,77;29,0;11,33;31,0;17,0
2020-10-14;4;Baleares;168,0;5,55;42,0;14,89;6,0;21,0
2020-10-14;5;Canarias;268,0;5,43;60,0;14,39;16,0;15,0
2020-10-14;6;Cantabria;48,0;3,08;12,0;10,43;8,0;4,0
2020-10-14;8;Castilla La Mancha;670,0;14,25;86,0;22,81;74,0;60,0
2020-10-14;7;Castilla y León;1003,0;15,43;137,0;32,46;114,0;118,0
2020-10-14;9;Cataluña;1840,0;7,44;240,0;21,24;242,0;185,0
2020-10-14;18;Ceuta;16,0;8,89;7,0;41,18;1,0;4,0
2020-10-14;10;C. Valenciana;633,0;5,56;94,0;9,27;93,0;89,0
2020-10-14;11;Extremadura;179,0;5,93;30,0;13,95;11,0;16,0
2020-10-14;12;Galicia;281,0;3,44;42,0;5,88;53,0;21,0
2020-10-14;13;Madrid;3202,0;20,02;475,0;37,43;333,0;411,0
2020-10-14;19;Melilla;26,0;14,69;1,0;8,33;2,0;6,0
2020-10-14;14;Murcia;319,0;8,96;73,0;18,30;66,0;60,0
2020-10-14;15;Navarra;256,0;11,96;35,0;27,34;26,0;36,0
2020-10-14;16;País Vasco;512,0;10,80;55,0;17,74;84,0;51,0
2020-10-14;17;La Rioja;100,0;11,63;20,0;33,33;11,0;9,0
2020-10-14;0;España;11692,0;9,79;1702,0;19,23;1473,0;1329,0
2020-10-15;1;Andalucía;1487,0;9,05;210,0;13,79;225,0;170,0
2020-10-15;2;Aragón;521,0;12,70;67,0;34,72;71,0;41,0
2020-10-15;3;Asturias;243,0;7,44;35,0;13,46;42,0;19,0
2020-10-15;4;Baleares;148,0;4,90;37,0;13,12;7,0;17,0
2020-10-15;5;Canarias;263,0;5,29;56,0;13,30;16,0;23,0
2020-10-15;6;Cantabria;46,0;2,95;10,0;8,70;8,0;5,0
2020-10-15;8;Castilla La Mancha;652,0;13,86;90,0;23,75;45,0;66,0
2020-10-15;7;Castilla y León;1012,0;15,56;137,0;32,31;119,0;87,0
2020-10-15;9;Cataluña;1915,0;7,73;257,0;22,35;250,0;238,0
2020-10-15;18;Ceuta;17,0;9,04;7,0;41,18;1,0;0,0
2020-10-15;10;C. Valenciana;657,0;5,58;100,0;9,87;107,0;59,0
2020-10-15;11;Extremadura;187,0;5,95;32,0;14,88;23,0;18,0
2020-10-15;12;Galicia;329,0;4,02;43,0;6,02;45,0;31,0
2020-10-15;13;Madrid;3130,0;19,81;507,0;35,70;319,0;346,0
2020-10-15;19;Melilla;30,0;16,95;2,0;16,67;10,0;4,0
2020-10-15;14;Murcia;332,0;9,33;70,0;17,54;69,0;47,0
2020-10-15;15;Navarra;220,0;10,32;36,0;27,91;34,0;36,0
2020-10-15;16;País Vasco;488,0;10,34;52,0;16,61;66,0;88,0
2020-10-15;17;La Rioja;107,0;12,44;20,0;33,33;16,0;13,0
2020-10-15;0;España;11784,0;9,83;1768,0;19,56;1473,0;1308,0
2020-10-18;1;Andalucía;1644,0;10,00;219,0;14,32;194,0;69,0
2020-10-18;2;Aragón;575,0;14,01;74,0;38,34;51,0;19,0
2020-10-18;3;Asturias;284,0;8,79;35,0;13,46;29,0;6,0
2020-10-18;4;Baleares;163,0;5,39;40,0;14,13;13,0;6,0
2020-10-18;5;Canarias;258,0;5,23;59,0;14,15;12,0;3,0
2020-10-18;6;Cantabria;61,0;3,91;11,0;9,57;10,0;1,0
2020-10-18;8;Castilla La Mancha;684,0;14,28;88,0;23,34;61,0;37,0
2020-10-18;7;Castilla y León;1186,0;18,36;152,0;36,36;124,0;36,0
2020-10-18;9;Cataluña;2273,0;7,45;293,0;25,43;277,0;116,0
2020-10-18;18;Ceuta;22,0;11,76;7,0;41,18;3,0;1,0
2020-10-18;10;C. Valenciana;737,0;6,48;114,0;11,43;101,0;42,0
2020-10-18;11;Extremadura;201,0;6,39;33,0;14,80;16,0;3,0
2020-10-18;12;Galicia;319,0;3,95;50,0;7,29;52,0;16,0
2020-10-18;13;Madrid;3217,0;20,44;486,0;38,85;237,0;115,0
2020-10-18;19;Melilla;40,0;22,60;5,0;41,67;4,0;0,0
2020-10-18;14;Murcia;368,0;10,45;73,0;18,30;65,0;29,0
2020-10-18;15;Navarra;277,0;12,99;37,0;28,68;26,0;12,0
2020-10-18;16;País Vasco;517,0;10,98;58,0;18,77;50,0;34,0
2020-10-18;17;La Rioja;119,0;13,84;23,0;38,33;11,0;1,0
2020-10-18;0;España;12945,0;10,36;1857,0;21,04;1336,0;546,0
2020-10-19;1;Andalucía;1704,0;10,37;228,0;14,88;283,0;191,0
2020-10-19;2;Aragón;577,0;9,11;74,0;37,95;65,0;62,0
2020-10-19;3;Asturias;315,0;9,81;39,0;15,00;45,0;9,0
2020-10-19;4;Baleares;171,0;5,66;40,0;14,13;23,0;16,0
2020-10-19;5;Canarias;258,0;5,27;55,0;13,19;19,0;21,0
2020-10-19;6;Cantabria;65,0;4,19;12,0;10,43;15,0;4,0
2020-10-19;8;Castilla La Mancha;689,0;14,41;98,0;25,99;80,0;84,0
2020-10-19;7;Castilla y León;1224,0;18,72;155,0;35,63;163,0;121,0
2020-10-19;9;Cataluña;2410,0;9,87;314,0;26,10;322,0;271,0
2020-10-19;18;Ceuta;24,0;12,77;7,0;41,18;3,0;1,0
2020-10-19;10;C. Valenciana;778,0;6,84;123,0;12,17;131,0;74,0
2020-10-19;11;Extremadura;211,0;6,71;34,0;15,25;19,0;8,0
2020-10-19;12;Galicia;312,0;4,20;44,0;6,76;55,0;24,0
2020-10-19;13;Madrid;3172,0;19,85;492,0;39,27;311,0;344,0
2020-10-19;19;Melilla;42,0;23,73;5,0;41,67;5,0;4,0
2020-10-19;14;Murcia;393,0;11,04;72,0;18,05;74,0;62,0
2020-10-19;15;Navarra;288,0;13,55;38,0;29,23;45,0;34,0
2020-10-19;16;País Vasco;535,0;11,24;61,0;19,55;71,0;76,0
2020-10-19;17;La Rioja;120,0;13,95;20,0;33,33;13,0;17,0
2020-10-19;0;España;13288,0;11,00;1911,0;21,51;1742,0;1423,0
2020-10-20;1;Andalucía;1781,0;10,83;233,0;15,26;291,0;191,0
2020-10-20;2;Aragón;592,0;14,01;77,0;28,52;83,0;72,0
2020-10-20;3;Asturias;323,0;10,03;39,0;15,00;38,0;34,0
2020-10-20;4;Baleares;162,0;5,36;39,0;13,93;20,0;11,0
2020-10-20;5;Canarias;256,0;5,23;52,0;12,47;12,0;19,0
2020-10-20;6;Cantabria;150,0;9,67;13,0;11,30;9,0;6,0
2020-10-20;8;Castilla La Mancha;692,0;14,47;91,0;24,14;77,0;74,0
2020-10-20;7;Castilla y León;1253,0;19,02;157,0;35,36;173,0;128,0
2020-10-20;9;Cataluña;2506,0;10,19;330,0;27,30;370,0;264,0
2020-10-20;18;Ceuta;24,0;12,70;8,0;47,06;2,0;2,0
2020-10-20;10;C. Valenciana;802,0;7,04;129,0;12,62;136,0;86,0
2020-10-20;11;Extremadura;218,0;6,93;32,0;14,35;26,0;21,0
2020-10-20;12;Galicia;351,0;4,71;44,0;6,76;67,0;40,0
2020-10-20;13;Madrid;3152,0;19,73;495,0;39,25;349,0;332,0
2020-10-20;19;Melilla;47,0;26,55;5,0;41,67;6,0;1,0
2020-10-20;14;Murcia;398,0;11,13;66,0;16,54;62,0;47,0
2020-10-20;15;Navarra;296,0;13,77;38,0;29,23;40,0;35,0
2020-10-20;16;País Vasco;566,0;11,85;61,0;19,61;96,0;63,0
2020-10-20;17;La Rioja;129,0;15,00;21,0;35,00;3,0;9,0
2020-10-20;0;España;13698,0;11,51;1930,0;21,48;1860,0;1435,0
2020-10-21;1;Andalucía;1850,0;11,27;239,0;15,63;294,0;210,0
2020-10-21;2;Aragón;625,0;15,04;80,0;40,61;101,0;68,0
2020-10-21;3;Asturias;332,0;10,24;39,0;15,00;41,0;29,0
2020-10-21;4;Baleares;171,0;5,57;40,0;14,04;18,0;23,0
2020-10-21;5;Canarias;255,0;5,20;49,0;11,75;20,0;13,0
2020-10-21;6;Cantabria;63,0;4,06;13,0;11,30;5,0;4,0
2020-10-21;8;Castilla La Mancha;723,0;15,12;94,0;24,87;101,0;66,0
2020-10-21;7;Castilla y León;1293,0;19,43;157,0;34,06;170,0;125,0
2020-10-21;9;Cataluña;2663,0;10,68;355,0;28,96;351,0;236,0
2020-10-21;18;Ceuta;28,0;14,89;8,0;47,06;6,0;2,0
2020-10-21;10;C. Valenciana;837,0;7,38;125,0;12,38;149,0;73,0
2020-10-21;11;Extremadura;226,0;7,19;31,0;13,90;29,0;20,0
2020-10-21;12;Galicia;408,0;4,94;53,0;7,42;50,0;32,0
2020-10-21;13;Madrid;3234,0;20,35;483,0;38,49;332,0;369,0
2020-10-21;19;Melilla;39,0;22,03;7,0;58,33;5,0;13,0
2020-10-21;14;Murcia;386,0;10,79;61,0;15,29;69,0;56,0
2020-10-21;15;Navarra;312,0;14,64;44,0;33,85;59,0;42,0
2020-10-21;16;País Vasco;582,0;12,18;66,0;21,29;88,0;84,0
2020-10-21;17;La Rioja;133,0;15,47;22,0;36,67;19,0;14,0
2020-10-21;0;España;14160,0;11,80;1966,0;21,85;1907,0;1479,0
2020-10-25;1;Andalucía;2240,0;13,83;282,0;18,61;273,0;138,0
2020-10-25;2;Aragón;739,0;17,90;83,0;41,71;79,0;20,0
2020-10-25;3;Asturias;476,0;14,67;50,0;19,23;47,0;17,0
2020-10-25;4;Baleares;187,0;6,16;47,0;16,49;14,0;8,0
2020-10-25;5;Canarias;258,0;5,27;48,0;11,51;5,0;1,0
2020-10-25;6;Cantabria;83,0;5,35;14,0;12,17;9,0;0,0
2020-10-25;8;Castilla La Mancha;796,0;16,64;90,0;23,08;85,0;47,0
2020-10-25;7;Castilla y León;1465,0;21,91;178,0;37,71;136,0;46,0
2020-10-25;9;Cataluña;3322,0;13,77;432,0;34,12;327,0;170,0
2020-10-25;18;Ceuta;34,0;18,48;8,0;47,06;5,0;3,0
2020-10-25;10;C. Valenciana;1075,0;9,42;144,0;13,99;151,0;37,0
2020-10-25;11;Extremadura;306,0;9,80;42,0;18,83;24,0;5,0
2020-10-25;12;Galicia;450,0;5,47;60,0;8,40;64,0;28,0
2020-10-25;13;Madrid;3176,0;19,97;510,0;40,28;188,0;129,0
2020-10-25;19;Melilla;52,0;29,05;9,0;64,29;7,0;2,0
2020-10-25;14;Murcia;476,0;13,29;76,0;18,77;86,0;33,0
2020-10-25;15;Navarra;400,0;18,79;50,0;37,59;41,0;21,0
2020-10-25;16;País Vasco;332,0;13,56;18,0;12,41;30,0;24,0
2020-10-25;17;La Rioja;141,0;16,40;22,0;36,67;13,0;5,0
2020-10-25;0;España;16008,0;13,72;2163,0;24,24;1584,0;734,0
2020-10-26;1;Andalucía;2277,0;14,71;291,0;20,24;370,0;293,0
2020-10-26;2;Aragón;775,0;18,69;88,0;42,11;103,0;50,0
2020-10-26;3;Asturias;479,0;14,73;52,0;20,00;63,0;37,0
2020-10-26;4;Baleares;182,0;6,00;49,0;17,31;24,0;26,0
2020-10-26;5;Canarias;245,0;5,00;48,0;11,51;12,0;13,0
2020-10-26;6;Cantabria;88,0;5,66;15,0;13,04;22,0;10,0
2020-10-26;8;Castilla La Mancha;783,0;16,37;93,0;23,97;87,0;99,0
2020-10-26;7;Castilla y León;1487,0;22,19;170,0;36,56;165,0;139,0
2020-10-26;9;Cataluña;3584,0;14,21;460,0;36,08;444,0;352,0
2020-10-26;18;Ceuta;34,0;18,28;7,0;41,18;3,0;2,0
2020-10-26;10;C. Valenciana;1098,0;9,62;165,0;15,96;179,0;120,0
2020-10-26;11;Extremadura;303,0;9,64;40,0;17,94;27,0;24,0
2020-10-26;12;Galicia;478,0;5,79;71,0;9,92;66,0;48,0
2020-10-26;13;Madrid;3118,0;19,48;507,0;40,05;285,0;397,0
2020-10-26;19;Melilla;54,0;30,17;9,0;64,29;5,0;3,0
2020-10-26;14;Murcia;484,0;13,07;84,0;15,97;87,0;82,0
2020-10-26;15;Navarra;393,0;18,30;49,0;36,84;43,0;49,0
2020-10-26;16;País Vasco;685,0;13,90;72,0;22,86;95,0;102,0
2020-10-26;17;La Rioja;149,0;17,33;22,0;36,67;21,0;17,0
2020-10-26;0;España;16696,0;13,93;2292,0;25,04;2101,0;1863,0
2020-10-27;1;Andalucía;2425,0;14,46;313,0;19,99;340,0;315,0
2020-10-27;2;Aragón;826,0;19,78;92,0;44,02;119,0;89,0
2020-10-27;3;Asturias;505,0;14,96;61,0;22,51;82,0;54,0
2020-10-27;4;Baleares;197,0;5,98;52,0;18,37;21,0;20,0
2020-10-27;5;Canarias;235,0;4,38;48,0;10,84;13,0;17,0
2020-10-27;6;Cantabria;102,0;6,51;16,0;13,68;27,0;6,0
2020-10-27;8;Castilla La Mancha;817,0;17,07;97,0;24,94;113,0;82,0
2020-10-27;7;Castilla y León;1465,0;21,80;171,0;35,92;175,0;154,0
2020-10-27;9;Cataluña;3700,0;14,67;482,0;37,57;493,0;378,0
2020-10-27;18;Ceuta;39,0;20,97;7,0;41,18;4,0;2,0
2020-10-27;10;C. Valenciana;1148,0;10,07;173,0;16,81;190,0;86,0
2020-10-27;11;Extremadura;323,0;9,43;42,0;18,26;48,0;22,0
2020-10-27;12;Galicia;479,0;5,80;73,0;10,20;69,0;58,0
2020-10-27;13;Madrid;3016,0;17,67;494,0;38,90;324,0;333,0
2020-10-27;19;Melilla;52,0;29,05;9,0;64,29;6,0;8,0
2020-10-27;14;Murcia;522,0;12,39;84,0;18,26;84,0;63,0
2020-10-27;15;Navarra;385,0;17,88;50,0;36,50;51,0;57,0
2020-10-27;16;País Vasco;687,0;14,33;80,0;25,32;110,0;104,0
2020-10-27;17;La Rioja;150,0;17,44;24,0;40,00;23,0;18,0
2020-10-27;0;España;17073,0;13,79;2368,0;25,50;2292,0;1866,0
2020-10-28;1;Andalucía;2543,0;15,14;334,0;21,26;443,0;285,0
2020-10-28;2;Aragón;852,0;20,36;97,0;46,41;116,0;76,0
2020-10-28;3;Asturias;528,0;15,65;69,0;25,46;84,0;61,0
2020-10-28;4;Baleares;209,0;6,35;55,0;19,43;24,0;17,0
2020-10-28;5;Canarias;233,0;4,34;45,0;10,16;14,0;19,0
2020-10-28;6;Cantabria;113,0;7,18;12,0;10,26;25,0;9,0
2020-10-28;8;Castilla La Mancha;845,0;17,63;96,0;24,68;116,0;86,0
2020-10-28;7;Castilla y León;1506,0;22,41;180,0;37,66;208,0;144,0
2020-10-28;9;Cataluña;3864,0;15,20;487,0;37,35;443,0;354,0
2020-10-28;18;Ceuta;40,0;21,62;7,0;41,18;5,0;4,0
2020-10-28;10;C. Valenciana;1183,0;10,35;178,0;17,26;177,0;129,0
2020-10-28;11;Extremadura;321,0;10,16;37,0;16,30;28,0;32,0
2020-10-28;12;Galicia;485,0;5,91;73,0;10,43;72,0;34,0
2020-10-28;13;Madrid;3001,0;17,55;490,0;38,13;330,0;333,0
2020-10-28;19;Melilla;48,0;26,82;9,0;64,29;5,0;9,0
2020-10-28;14;Murcia;530,0;12,58;84,0;18,22;87,0;63,0
2020-10-28;15;Navarra;408,0;18,96;53,0;38,41;66,0;41,0
2020-10-28;16;País Vasco;661,0;14,34;75,0;23,58;91,0;122,0
2020-10-28;17;La Rioja;150,0;17,44;23,0;38,33;15,0;19,0
2020-10-28;0;España;17520,0;14,17;2404,0;25,81;2349,0;1837,0
2020-10-29;1;Andalucía;2570,0;15,37;345,0;21,77;404,0;307,0
2020-10-29;2;Aragón;882,0;21,33;98,0;47,12;133,0;85,0
2020-10-29;3;Asturias;573,0;17,01;74,0;27,31;88,0;45,0
2020-10-29;4;Baleares;193,0;5,85;53,0;18,73;13,0;28,0
2020-10-29;5;Canarias;218,0;4,06;47,0;10,61;17,0;23,0
2020-10-29;6;Cantabria;111,0;7,06;11,0;9,40;16,0;10,0
2020-10-29;8;Castilla La Mancha;881,0;18,35;104,0;26,74;124,0;85,0
2020-10-29;7;Castilla y León;1523,0;22,62;177,0;37,11;195,0;155,0
2020-10-29;9;Cataluña;4045,0;15,99;511,0;38,92;492,0;346,0
2020-10-29;18;Ceuta;40,0;21,39;7,0;41,18;4,0;3,0
2020-10-29;10;C. Valenciana;1244,0;10,89;188,0;18,31;192,0;108,0
2020-10-29;11;Extremadura;321,0;10,26;36,0;16,67;32,0;40,0
2020-10-29;12;Galicia;555,0;6,75;70,0;9,78;61,0;49,0
2020-10-29;13;Madrid;3213,0;18,85;492,0;38,44;265,0;293,0
2020-10-29;19;Melilla;51,0;28,49;9,0;64,29;5,0;2,0
2020-10-29;14;Murcia;517,0;12,26;97,0;20,95;78,0;80,0
2020-10-29;15;Navarra;405,0;18,81;56,0;40,58;48,0;54,0
2020-10-29;16;País Vasco;677,0;14,62;80,0;25,08;107,0;89,0
2020-10-29;17;La Rioja;143,0;16,63;27,0;45,00;22,0;19,0
2020-10-29;0;España;18162,0;14,73;2482,0;26,59;2296,0;1821,0
2020-11-01;1;Andalucía;2817,0;16,72;389,0;23,85;413,0;286,0
2020-11-01;2;Aragón;928,0;22,24;106,0;48,18;98,0;81,0
2020-11-01;3;Asturias;595,0;17,67;83,0;30,63;93,0;65,0
2020-11-01;4;Baleares;220,0;6,68;53,0;18,60;21,0;6,0
2020-11-01;5;Canarias;215,0;4,01;44,0;9,93;15,0;2,0
2020-11-01;6;Cantabria;153,0;9,52;16,0;13,01;18,0;4,0
2020-11-01;8;Castilla La Mancha;989,0;20,59;109,0;28,02;74,0;36,0
2020-11-01;7;Castilla y León;1573,0;23,17;186,0;37,50;171,0;110,0
2020-11-01;9;Cataluña;4365,0;17,10;546,0;40,12;358,0;235,0
2020-11-01;18;Ceuta;44,0;23,16;8,0;47,06;5,0;1,0
2020-11-01;10;C. Valenciana;1444,0;12,65;219,0;21,47;179,0;46,0
2020-11-01;11;Extremadura;356,0;11,27;42,0;18,50;47,0;20,0
2020-11-01;12;Galicia;545,0;6,63;84,0;11,62;68,0;22,0
2020-11-01;13;Madrid;2946,0;17,57;476,0;38,29;212,0;206,0
2020-11-01;19;Melilla;54,0;30,17;10,0;71,43;7,0;0,0
2020-11-01;14;Murcia;571,0;13,54;96,0;20,65;99,0;36,0
2020-11-01;15;Navarra;428,0;19,74;57,0;37,50;33,0;19,0
2020-11-01;16;País Vasco;775,0;16,60;94,0;27,98;70,0;24,0
2020-11-01;17;La Rioja;152,0;17,67;32,0;53,33;21,0;4,0
2020-11-01;0;España;19170,0;15,51;2650,0;27,97;2002,0;1203,0
2020-11-02;1;Andalucía;3140,0;19,68;400,0;25,82;364,0;157,0
2020-11-02;2;Aragón;1016,0;24,51;106,0;48,18;87,0;42,0
2020-11-02;3;Asturias;752,0;22,26;107,0;38,35;96,0;12,0
2020-11-02;4;Baleares;224,0;6,78;51,0;17,89;23,0;20,0
2020-11-02;5;Canarias;218,0;4,06;44,0;9,93;19,0;9,0
2020-11-02;6;Cantabria;166,0;10,33;17,0;13,82;27,0;15,0
2020-11-02;8;Castilla La Mancha;937,0;19,37;109,0;27,74;87,0;127,0
2020-11-02;7;Castilla y León;1719,0;25,37;195,0;39,39;175,0;73,0
2020-11-02;9;Cataluña;4365,0;17,11;580,0;42,27;465,0;493,0
2020-11-02;18;Ceuta;46,0;24,21;8,0;47,06;5,0;2,0
2020-11-02;10;C. Valenciana;1441,0;12,66;224,0;22,03;200,0;175,0
2020-11-02;11;Extremadura;388,0;12,28;48,0;21,92;30,0;16,0
2020-11-02;12;Galicia;577,0;7,03;82,0;11,33;67,0;55,0
2020-11-02;13;Madrid;2989,0;17,75;486,0;38,45;178,0;141,0
2020-11-02;19;Melilla;52,0;29,05;8,0;57,14;7,0;6,0
2020-11-02;14;Murcia;590,0;13,99;98,0;21,08;112,0;53,0
2020-11-02;15;Navarra;410,0;18,93;61,0;40,13;46,0;60,0
2020-11-02;16;País Vasco;763,0;16,27;96,0;27,35;132,0;133,0
2020-11-02;17;La Rioja;150,0;17,44;34,0;56,67;17,0;17,0
2020-11-02;0;España;19943,0;16,24;2754,0;29,17;2137,0;1606,0
2020-11-03;1;Andalucía;3222,0;19,11;433,0;26,35;442,0;353,0
2020-11-03;2;Aragón;1038,0;24,94;110,0;49,33;150,0;118,0
2020-11-03;3;Asturias;798,0;23,63;108,0;38,71;92,0;61,0
2020-11-03;4;Baleares;265,0;7,92;50,0;17,48;59,0;20,0
2020-11-03;5;Canarias;227,0;4,23;43,0;9,71;22,0;16,0
2020-11-03;6;Cantabria;163,0;10,20;17,0;14,91;20,0;19,0
2020-11-03;8;Castilla La Mancha;948,0;19,57;110,0;27,78;119,0;94,0
2020-11-03;7;Castilla y León;1716,0;25,28;196,0;39,52;200,0;187,0
2020-11-03;9;Cataluña;4488,0;17,56;588,0;42,55;485,0;451,0
2020-11-03;18;Ceuta;42,0;22,58;6,0;35,29;1,0;10,0
2020-11-03;10;C. Valenciana;1484,0;13,02;227,0;21,91;196,0;137,0
2020-11-03;11;Extremadura;407,0;12,88;43,0;19,63;45,0;31,0
2020-11-03;12;Galicia;552,0;6,72;86,0;11,88;72,0;52,0
2020-11-03;13;Madrid;2997,0;17,64;482,0;38,01;283,0;334,0
2020-11-03;19;Melilla;47,0;26,26;7,0;50,00;4,0;11,0
2020-11-03;14;Murcia;592,0;14,03;94,0;20,09;79,0;75,0
2020-11-03;15;Navarra;415,0;19,18;59,0;39,33;60,0;56,0
2020-11-03;16;País Vasco;763,0;16,32;95,0;27,07;129,0;123,0
2020-11-03;17;La Rioja;161,0;18,72;32,0;53,33;23,0;18,0
2020-11-03;0;España;20325,0;16,40;2786,0;29,11;2481,0;2166,0
2020-11-04;1;Andalucía;3277,0;19,38;434,0;26,30;450,0;433,0
2020-11-04;2;Aragón;1039,0;24,93;112,0;50,22;125,0;131,0
2020-11-04;3;Asturias;776,0;23,05;115,0;41,22;92,0;97,0
2020-11-04;4;Baleares;269,0;8,04;52,0;18,25;29,0;24,0
2020-11-04;5;Canarias;218,0;4,06;48,0;10,84;21,0;15,0
2020-11-04;6;Cantabria;160,0;9,96;19,0;15,45;21,0;18,0
2020-11-04;8;Castilla La Mancha;940,0;19,42;109,0;27,53;104,0;103,0
2020-11-04;7;Castilla y León;1675,0;24,62;203,0;40,68;171,0;196,0
2020-11-04;9;Cataluña;4508,0;17,65;576,0;41,68;507,0;508,0
2020-11-04;18;Ceuta;44,0;23,53;6,0;35,29;4,0;3,0
2020-11-04;10;C. Valenciana;1467,0;12,87;235,0;22,62;171,0;160,0
2020-11-04;11;Extremadura;406,0;12,85;46,0;21,00;41,0;39,0
2020-11-04;12;Galicia;578,0;7,03;82,0;11,33;85,0;44,0
2020-11-04;13;Madrid;2925,0;17,15;476,0;37,57;335,0;328,0
2020-11-04;19;Melilla;50,0;28,25;5,0;41,67;8,0;7,0
2020-11-04;14;Murcia;591,0;14,00;94,0;20,09;77,0;70,0
2020-11-04;15;Navarra;417,0;19,20;59,0;39,33;38,0;33,0
2020-11-04;16;País Vasco;780,0;16,68;97,0;27,02;121,0;112,0
2020-11-04;17;La Rioja;161,0;18,72;34,0;56,67;21,0;18,0
2020-11-04;0;España;20281,0;16,35;2802,0;29,20;2421,0;2339,0
2020-11-05;1;Andalucía;3270,0;19,37;454,0;27,70;418,0;401,0
2020-11-05;2;Aragón;972,0;23,63;114,0;50,44;103,0;134,0
2020-11-05;3;Asturias;791,0;23,27;111,0;39,78;90,0;76,0
2020-11-05;4;Baleares;276,0;8,22;50,0;17,42;22,0;15,0
2020-11-05;5;Canarias;210,0;3,91;50,0;11,29;22,0;25,0
2020-11-05;6;Cantabria;156,0;9,74;20,0;16,95;19,0;15,0
2020-11-05;8;Castilla La Mancha;920,0;19,00;109,0;27,53;96,0;110,0
2020-11-05;7;Castilla y León;1694,0;24,86;215,0;42,66;218,0;170,0
2020-11-05;9;Cataluña;4579,0;17,85;589,0;42,47;392,0;416,0
2020-11-05;18;Ceuta;40,0;21,51;7,0;41,18;4,0;7,0
2020-11-05;10;C. Valenciana;1504,0;13,13;247,0;23,61;197,0;158,0
2020-11-05;11;Extremadura;410,0;12,98;48,0;21,15;50,0;42,0
2020-11-05;12;Galicia;588,0;7,15;84,0;11,60;69,0;39,0
2020-11-05;13;Madrid;2834,0;16,64;469,0;37,05;248,0;314,0
2020-11-05;19;Melilla;49,0;27,37;6,0;42,86;6,0;6,0
2020-11-05;14;Murcia;594,0;14,17;99,0;21,15;111,0;74,0
2020-11-05;15;Navarra;409,0;18,80;60,0;40,00;46,0;53,0
2020-11-05;16;País Vasco;774,0;16,68;98,0;27,00;112,0;133,0
2020-11-05;17;La Rioja;139,0;16,16;3,0;55,00;21,0;23,0
2020-11-05;0;España;20209,0;16,28;2833,0;29,47;2244,0;2211,0
2020-11-08;1;Andalucía;3273,0;20,87;429,0;28,28;305,0;141,0
2020-11-08;2;Aragón;1009,0;24,53;116,0;50,43;66,0;33,0
2020-11-08;3;Asturias;925,0;27,19;128,0;45,88;89,0;23,0
2020-11-08;4;Baleares;305,0;9,09;53,0;18,34;24,0;11,0
2020-11-08;5;Canarias;236,0;4,40;46,0;10,38;17,0;4,0
2020-11-08;6;Cantabria;171,0;10,67;24,0;20,34;15,0;12,0
2020-11-08;8;Castilla La Mancha;940,0;19,51;114,0;30,65;74,0;37,0
2020-11-08;7;Castilla y León;1840,0;27,11;223,0;44,60;173,0;51,0
2020-11-08;9;Cataluña;4805,0;19,02;652,0;45,34;312,0;245,0
2020-11-08;18;Ceuta;45,0;23,81;7,0;41,18;5,0;4,0
2020-11-08;10;C. Valenciana;1727,0;15,07;268,0;25,50;212,0;112,0
2020-11-08;11;Extremadura;423,0;13,31;59,0;25,99;31,0;22,0
2020-11-08;12;Galicia;575,0;7,10;97,0;13,94;72,0;18,0
2020-11-08;13;Madrid;2723,0;16,47;463,0;37,13;186,0;167,0
2020-11-08;19;Melilla;46,0;25,70;7,0;50,00;3,0;0,0
2020-11-08;14;Murcia;619,0;14,76;106,0;22,55;75,0;30,0
2020-11-08;15;Navarra;384,0;17,78;65,0;42,76;27,0;24,0
2020-11-08;16;País Vasco;816,0;18,26;116,0;33,33;55,0;34,0
2020-11-08;17;La Rioja;167,0;19,42;34,0;56,67;16,0;4,0
2020-11-08;0;España;21029,0;17,28;3007,0;31,76;1757,0;972,0
2020-11-09;1;Andalucía;3489,0;20,76;481,0;28,94;413,0;396,0
2020-11-09;2;Aragón;996,0;24,30;119,0;51,52;118,0;116,0
2020-11-09;3;Asturias;922,0;27,08;129,0;46,24;107,0;94,0
2020-11-09;4;Baleares;297,0;8,85;59,0;20,42;29,0;32,0
2020-11-09;5;Canarias;230,0;4,28;47,0;10,61;11,0;15,0
2020-11-09;6;Cantabria;192,0;11,96;34,0;27,87;34,0;28,0
2020-11-09;8;Castilla La Mancha;935,0;19,41;118,0;31,81;92,0;96,0
2020-11-09;7;Castilla y León;1817,0;26,60;220,0;41,67;199,0;209,0
2020-11-09;9;Cataluña;4483,0;17,48;632,0;44,41;389,0;589,0
2020-11-09;18;Ceuta;39,0;20,53;7,0;41,18;5,0;6,0
2020-11-09;10;C. Valenciana;1713,0;14,94;272,0;25,90;247,0;236,0
2020-11-09;11;Extremadura;433,0;13,75;59,0;27,31;52,0;48,0
2020-11-09;12;Galicia;590,0;7,13;101,0;13,95;78,0;72,0
2020-11-09;13;Madrid;2773,0;16,49;458,0;36,61;208,0;184,0
2020-11-09;19;Melilla;47,0;26,26;7,0;50,00;3,0;4,0
2020-11-09;14;Murcia;614,0;14,64;103,0;21,91;107,0;72,0
2020-11-09;15;Navarra;359,0;16,60;65,0;43,05;30,0;55,0
2020-11-09;16;País Vasco;836,0;18,22;117,0;32,14;125,0;129,0
2020-11-09;17;La Rioja;178,0;20,70;36,0;60,00;23,0;14,0
2020-11-09;0;España;20943,0;16,91;3064,0;31,70;2270,0;2395,0
2020-11-10;1;Andalucía;3477,0;20,47;509,0;30,41;426,0;446,0
2020-11-10;2;Aragón;977,0;23,63;121,0;51,71;113,0;144,0
2020-11-10;3;Asturias;934,0;27,32;128,0;44,29;122,0;109,0
2020-11-10;4;Baleares;278,0;8,28;55,0;19,03;22,0;31,0
2020-11-10;5;Canarias;240,0;4,47;48,0;10,84;24,0;20,0
2020-11-10;6;Cantabria;201,0;12,52;36,0;29,51;30,0;17,0
2020-11-10;8;Castilla La Mancha;920,0;18,81;125,0;33,33;107,0;117,0
2020-11-10;7;Castilla y León;1818,0;25,61;219,0;41,17;220,0;202,0
2020-11-10;9;Cataluña;4535,0;17,24;632,0;44,35;424,0;483,0
2020-11-10;18;Ceuta;39,0;20,74;6,0;35,29;2,0;4,0
2020-11-10;10;C. Valenciana;1784,0;15,53;276,0;26,09;225,0;183,0
2020-11-10;11;Extremadura;416,0;13,21;60,0;27,78;40,0;46,0
2020-11-10;12;Galicia;582,0;7,03;97,0;13,40;80,0;63,0
2020-11-10;13;Madrid;2788,0;16,33;445,0;35,01;253,0;305,0
2020-11-10;19;Melilla;46,0;25,70;7,0;50,00;0,0;2,0
2020-11-10;14;Murcia;623,0;14,85;102,0;21,70;106,0;73,0
2020-11-10;15;Navarra;345,0;16,01;69,0;45,70;30,0;44,0
2020-11-10;16;País Vasco;864,0;18,56;122,0;32,97;145,0;126,0
2020-11-10;17;La Rioja;184,0;21,40;36,0;60,00;25,0;17,0
2020-11-10;0;España;21051,0;16,79;3093,0;31,78;2394,0;2432,0
2020-11-11;1;Andalucía;3427,0;20,17;522,0;31,15;411,0;426,0
2020-11-11;2;Aragón;984,0;23,88;122,0;51,69;97,0;90,0
2020-11-11;3;Asturias;958,0;27,98;133,0;45,86;118,0;79,0
2020-11-11;4;Baleares;290,0;8,63;56,0;19,38;37,0;28,0
2020-11-11;5;Canarias;243,0;4,53;47,0;10,61;20,0;17,0
2020-11-11;6;Cantabria;204,0;12,70;35,0;28,69;26,0;20,0
2020-11-11;8;Castilla La Mancha;902,0;18,44;129,0;34,40;96,0;111,0
2020-11-11;7;Castilla y León;1793,0;25,38;230,0;42,91;214,0;204,0
2020-11-11;9;Cataluña;4377,0;17,06;629,0;44,36;389,0;490,0
2020-11-11;18;Ceuta;46,0;24,08;7,0;41,18;5,0;0,0
2020-11-11;10;C. Valenciana;1731,0;15,07;284,0;26,77;213,0;170,0
2020-11-11;11;Extremadura;378,0;11,90;65,0;26,53;33,0;51,0
2020-11-11;12;Galicia;579,0;7,00;99,0;13,67;65,0;47,0
2020-11-11;13;Madrid;2621,0;15,35;443,0;34,77;238,0;316,0
2020-11-11;19;Melilla;47,0;26,26;7,0;50,00;5,0;4,0
2020-11-11;14;Murcia;618,0;14,74;104,0;22,13;88,0;77,0
2020-11-11;15;Navarra;327,0;15,16;65,0;43,05;23,0;41,0
2020-11-11;16;País Vasco;818,0;17,83;112,0;30,11;116,0;156,0
2020-11-11;17;La Rioja;182,0;21,16;34,0;56,67;10,0;15,0
2020-11-11;0;España;20525,0;16,47;3123,0;31,96;2204,0;2342,0
2020-11-12;1;Andalucía;3361,0;19,77;521,0;30,86;379,0;400,0
2020-11-12;2;Aragón;947,0;22,90;116,0;48,74;90,0;122,0
2020-11-12;3;Asturias;974,0;28,39;138,0;46,46;112,0;76,0
2020-11-12;4;Baleares;286,0;8,51;56,0;19,38;15,0;21,0
2020-11-12;5;Canarias;252,0;4,69;52,0;11,74;21,0;7,0
2020-11-12;6;Cantabria;202,0;12,58;35,0;28,69;23,0;15,0
2020-11-12;8;Castilla La Mancha;899,0;18,38;130,0;34,67;102,0;97,0
2020-11-12;7;Castilla y León;1788,0;25,16;224,0;41,95;181,0;186,0
2020-11-12;9;Cataluña;4258,0;16,00;637,0;44,70;359,0;471,0
2020-11-12;18;Ceuta;45,0;23,44;7,0;41,18;3,0;3,0
2020-11-12;10;C. Valenciana;1727,0;15,02;282,0;26,43;217,0;201,0
2020-11-12;11;Extremadura;371,0;11,58;68,0;26,98;32,0;41,0
2020-11-12;12;Galicia;594,0;7,17;108,0;14,92;81,0;78,0
2020-11-12;13;Madrid;2603,0;15,30;434,0;34,15;244,0;260,0
2020-11-12;19;Melilla;43,0;24,02;7,0;50,00;2,0;6,0
2020-11-12;14;Murcia;611,0;14,57;94,0;20,00;92,0;90,0
2020-11-12;15;Navarra;331,0;15,37;61,0;40,13;43,0;44,0
2020-11-12;16;País Vasco;830,0;18,00;121,0;29,88;106,0;105,0
2020-11-12;17;La Rioja;174,0;20,23;34,0;56,67;15,0;18,0
2020-11-12;0;España;20296,0;16,15;3125,0;31,75;2117,0;2241,0
2020-11-15;1;Andalucía;3381,0;19,90;523,0;31,91;276,0;149,0
2020-11-15;2;Aragón;920,0;22,25;116,0;48,74;60,0;30,0
2020-11-15;3;Asturias;1039,0;30,21;146,0;48,50;85,0;43,0
2020-11-15;4;Baleares;284,0;8,44;58,0;20,07;12,0;20,0
2020-11-15;5;Canarias;248,0;4,46;51,0;11,51;16,0;7,0
2020-11-15;6;Cantabria;209,0;13,01;32,0;26,23;17,0;7,0
2020-11-15;8;Castilla La Mancha;898,0;18,24;130,0;34,30;63,0;24,0
2020-11-15;7;Castilla y León;1836,0;26,05;240,0;44,78;159,0;63,0
2020-11-15;9;Cataluña;4245,0;16,64;633,0;44,64;272,0;187,0
2020-11-15;18;Ceuta;39,0;19,02;7,0;41,18;1,0;1,0
2020-11-15;10;C. Valenciana;1803,0;15,78;299,0;29,52;163,0;62,0
2020-11-15;11;Extremadura;347,0;10,83;67,0;26,59;23,0;12,0
2020-11-15;12;Galicia;567,0;7,59;106,0;16,08;60,0;10,0
2020-11-15;13;Madrid;2593,0;15,38;414,0;33,44;150,0;68,0
2020-11-15;19;Melilla;41,0;22,91;10,0;71,43;1,0;3,0
2020-11-15;14;Murcia;603,0;14,37;100,0;21,19;62,0;36,0
2020-11-15;15;Navarra;328,0;15,63;58,0;38,16;17,0;17,0
2020-11-15;16;País Vasco;875,0;19,15;130,0;34,12;71,0;45,0
2020-11-15;17;La Rioja;196,0;22,79;36,0;60,00;12,0;6,0
2020-11-15;0;España;20452,0;16,54;3156,0;32,80;1520,0;790,0
2020-11-16;1;Andalucía;3352,0;19,60;530,0;32,06;342,0;399,0
2020-11-16;2;Aragón;884,0;21,36;117,0;49,58;96,0;127,0
2020-11-16;3;Asturias;1037,0;30,16;143,0;47,51;118,0;120,0
2020-11-16;4;Baleares;313,0;9,32;54,0;18,69;49,0;20,0
2020-11-16;5;Canarias;245,0;4,56;49,0;11,06;22,0;12,0
2020-11-16;6;Cantabria;201,0;12,52;31,0;25,41;30,0;33,0
2020-11-16;8;Castilla La Mancha;871,0;17,62;125,0;32,98;77,0;102,0
2020-11-16;7;Castilla y León;1816,0;25,38;236,0;42,68;200,0;199,0
2020-11-16;9;Cataluña;4097,0;16,01;619,0;43,38;335,0;475,0
2020-11-16;18;Ceuta;36,0;17,73;7,0;41,18;0,0;5,0
2020-11-16;10;C. Valenciana;1787,0;15,65;312,0;30,80;231,0;254,0
2020-11-16;11;Extremadura;333,0;10,39;63,0;25,00;27,0;39,0
2020-11-16;12;Galicia;574,0;7,69;101,0;15,33;52,0;56,0
2020-11-16;13;Madrid;2457,0;14,45;407,0;32,53;201,0;294,0
2020-11-16;19;Melilla;40,0;22,35;9,0;64,29;5,0;6,0
2020-11-16;14;Murcia;596,0;14,20;104,0;22,03;91,0;81,0
2020-11-16;15;Navarra;327,0;15,56;57,0;37,50;27,0;29,0
2020-11-16;16;País Vasco;850,0;17,91;126,0;32,81;105,0;150,0
2020-11-16;17;La Rioja;191,0;22,21;37,0;61,67;14,0;19,0
2020-11-16;0;España;20007,0;16,13;3127,0;32,31;2022,0;2420,0
2020-11-17;1;Andalucía;3176,0;18,51;528,0;31,96;323,0;413,0
2020-11-17;2;Aragón;846,0;20,42;115,0;48,73;79,0;117,0
2020-11-17;3;Asturias;1027,0;29,87;146,0;48,50;119,0;115,0
2020-11-17;4;Baleares;301,0;8,96;50,0;17,30;26,0;39,0
2020-11-17;5;Canarias;242,0;4,51;51,0;11,51;14,0;12,0
2020-11-17;6;Cantabria;207,0;12,93;35,0;29,91;34,0;16,0
2020-11-17;8;Castilla La Mancha;829,0;16,78;126,0;33,42;76,0;103,0
2020-11-17;7;Castilla y León;1745,0;24,30;243,0;43,01;162,0;202,0
2020-11-17;9;Cataluña;3968,0;15,48;607,0;42,33;313,0;474,0
2020-11-17;18;Ceuta;34,0;16,75;7,0;41,18;2,0;4,0
2020-11-17;10;C. Valenciana;1780,0;15,59;304,0;30,10;211,0;186,0
2020-11-17;11;Extremadura;341,0;10,72;66,0;26,40;26,0;29,0
2020-11-17;12;Galicia;564,0;6,84;106,0;14,64;76,0;73,0
2020-11-17;13;Madrid;2404,0;14,08;397,0;31,81;220,0;264,0
2020-11-17;19;Melilla;32,0;17,88;10,0;71,43;1,0;8,0
2020-11-17;14;Murcia;562,0;13,39;111,0;23,52;72,0;88,0
2020-11-17;15;Navarra;312,0;14,88;57,0;37,50;32,0;42,0
2020-11-17;16;País Vasco;851,0;18,48;125,0;33,07;136,0;141,0
2020-11-17;17;La Rioja;182,0;21,16;36,0;60,00;12,0;21,0
2020-11-17;0;España;19403,0;15,54;3120,0;32,04;1934,0;2347,0
2020-11-18;1;Andalucía;3122,0;18,13;577,0;32,43;315,0;405,0
2020-11-18;2;Aragón;778,0;18,87;122,0;52,36;71,0;131,0
2020-11-18;3;Asturias;1018,0;29,59;150,0;49,83;109,0;104,0
2020-11-18;4;Baleares;300,0;8,93;48,0;16,61;20,0;26,0
2020-11-18;5;Canarias;230,0;4,29;46,0;10,38;11,0;17,0
2020-11-18;6;Cantabria;201,0;12,52;33,0;27,05;30,0;33,0
2020-11-18;8;Castilla La Mancha;761,0;15,41;122,0;32,28;61,0;127,0
2020-11-18;7;Castilla y León;1707,0;23,98;241,0;42,73;169,0;200,0
2020-11-18;9;Cataluña;3960,0;15,44;578,0;40,39;290,0;418,0
2020-11-18;18;Ceuta;34,0;16,75;8,0;47,06;5,0;4,0
2020-11-18;10;C. Valenciana;1812,0;15,87;306,0;30,39;199,0;178,0
2020-11-18;11;Extremadura;321,0;10,02;65,0;25,79;20,0;27,0
2020-11-18;12;Galicia;552,0;6,71;102,0;14,09;57,0;47,0
2020-11-18;13;Madrid;2295,0;13,44;393,0;31,36;188,0;261,0
2020-11-18;19;Melilla;32,0;17,88;10,0;71,43;1,0;8,0
2020-11-18;14;Murcia;538,0;12,82;111,0;23,52;57,0;79,0
2020-11-18;15;Navarra;289,0;13,76;55,0;36,18;16,0;39,0
2020-11-18;16;País Vasco;844,0;18,42;123,0;32,45;97,0;114,0
2020-11-18;17;La Rioja;167,0;19,42;35,0;58,33;11,0;28,0
2020-11-18;0;España;18961,0;15,18;3125,0;31,66;1727,0;2246,0
2020-11-19;1;Andalucía;2997,0;17,40;567,0;31,29;274,0;350,0
2020-11-19;2;Aragón;738,0;17,83;118,0;50,64;57,0;92,0
2020-11-19;3;Asturias;983,0;28,56;143,0;47,51;95,0;125,0
2020-11-19;4;Baleares;294,0;8,76;49,0;16,96;16,0;26,0
2020-11-19;5;Canarias;219,0;4,08;46,0;10,38;13,0;19,0
2020-11-19;6;Cantabria;190,0;11,83;37,0;30,33;22,0;19,0
2020-11-19;8;Castilla La Mancha;766,0;15,52;118,0;31,22;91,0;94,0
2020-11-19;7;Castilla y León;1539,0;21,58;248,0;44,05;153,0;186,0
2020-11-19;9;Cataluña;3689,0;14,60;538,0;39,36;274,0;405,0
2020-11-19;18;Ceuta;34,0;16,92;7,0;41,18;2,0;3,0
2020-11-19;10;C. Valenciana;1714,0;15,00;320,0;31,62;200,0;201,0
2020-11-19;11;Extremadura;327,0;10,27;66,0;26,19;20,0;25,0
2020-11-19;12;Galicia;534,0;6,50;100,0;13,81;58,0;66,0
2020-11-19;13;Madrid;2152,0;13,23;383,0;30,76;192,0;250,0
2020-11-19;19;Melilla;28,0;15,64;8,0;57,14;4,0;6,0
2020-11-19;14;Murcia;491,0;11,70;105,0;22,25;45,0;59,0
2020-11-19;15;Navarra;283,0;13,46;50,0;32,68;16,0;24,0
2020-11-19;16;País Vasco;830,0;18,21;117,0;30,15;102,0;129,0
2020-11-19;17;La Rioja;155,0;18,02;34,0;56,67;9,0;20,0
2020-11-19;0;España;17963,0;14,52;3054,0;31,02;1643,0;2099,0
2020-11-22;1;Andalucía;2835,0;16,56;455,0;27,10;205,0;168,0
2020-11-22;2;Aragón;709,0;16,94;110,0;46,81;45,0;24,0
2020-11-22;3;Asturias;1005,0;29,16;140,0;46,51;71,0;36,0
2020-11-22;4;Baleares;297,0;8,84;55,0;19,03;9,0;3,0
2020-11-22;5;Canarias;218,0;4,06;41,0;9,26;12,0;9,0
2020-11-22;6;Cantabria;189,0;11,77;38,0;31,15;10,0;7,0
2020-11-22;8;Castilla La Mancha;685,0;13,81;113,0;29,82;39,0;22,0
2020-11-22;7;Castilla y León;1604,0;22,83;241,0;44,30;101,0;64,0
2020-11-22;9;Cataluña;3589,0;14,14;545,0;38,19;170,0;175,0
2020-11-22;18;Ceuta;30,0;15,00;7,0;41,18;1,0;1,0
2020-11-22;10;C. Valenciana;1674,0;14,85;316,0;31,70;165,0;90,0
2020-11-22;11;Extremadura;315,0;9,89;72,0;28,57;20,0;17,0
2020-11-22;12;Galicia;521,0;6,32;105,0;14,50;56,0;42,0
2020-11-22;13;Madrid;2309,0;13,68;388,0;30,82;130,0;64,0
2020-11-22;19;Melilla;29,0;16,20;6,0;42,86;3,0;0,0
2020-11-22;14;Murcia;479,0;11,40;100,0;21,19;49,0;33,0
2020-11-22;15;Navarra;244,0;11,64;41,0;28,28;7,0;21,0
2020-11-22;16;País Vasco;819,0;18,18;114,0;29,31;48,0;34,0
2020-11-22;17;La Rioja;144,0;16,74;35,0;58,33;6,0;2,0
2020-11-22;0;España;17695,0;14,26;2922,0;29,98;1147,0;812,0
2020-11-23;1;Andalucía;2758,0;16,01;483,0;28,60;242,0;347,0
2020-11-23;2;Aragón;687,0;16,42;103,0;43,83;62,0;79,0
2020-11-23;3;Asturias;979,0;28,10;144,0;42,99;91,0;98,0
2020-11-23;4;Baleares;285,0;8,50;57,0;19,72;15,0;29,0
2020-11-23;5;Canarias;227,0;4,23;40,0;9,03;18,0;16,0
2020-11-23;6;Cantabria;169,0;10,52;28,0;22,95;15,0;26,0
2020-11-23;8;Castilla La Mancha;643,0;12,97;106,0;28,12;57,0;98,0
2020-11-23;7;Castilla y León;1528,0;21,62;229,0;41,04;128,0;178,0
2020-11-23;9;Cataluña;3315,0;13,08;523,0;36,81;232,0;371,0
2020-11-23;18;Ceuta;29,0;14,36;6,0;35,29;1,0;2,0
2020-11-23;10;C. Valenciana;1559,0;13,83;300,0;30,03;169,0;238,0
2020-11-23;11;Extremadura;299,0;9,39;68,0;26,98;28,0;33,0
2020-11-23;12;Galicia;525,0;6,35;100,0;13,81;57,0;53,0
2020-11-23;13;Madrid;2056,0;12,10;379,0;29,75;183,0;250,0
2020-11-23;19;Melilla;29,0;16,20;6,0;42,86;4,0;4,0
2020-11-23;14;Murcia;459,0;10,93;93,0;19,70;39,0;68,0
2020-11-23;15;Navarra;219,0;10,64;41,0;28,87;17,0;40,0
2020-11-23;16;País Vasco;801,0;17,54;115,0;29,04;97,0;140,0
2020-11-23;17;La Rioja;134,0;15,58;32,0;53,33;6,0;22,0
2020-11-23;0;España;16701,0;13,43;2853,0;29,06;1461,0;2092,0
2020-11-24;1;Andalucía;2632,0;15,26;484,0;28,61;230,0;375,0
2020-11-24;2;Aragón;622,0;14,95;98,0;42,06;54,0;97,0
2020-11-24;3;Asturias;944,0;27,12;145,0;43,28;81,0;122,0
2020-11-24;4;Baleares;276,0;8,23;57,0;19,72;25,0;30,0
2020-11-24;5;Canarias;237,0;4,42;40,0;9,03;23,0;12,0
2020-11-24;6;Cantabria;180,0;11,21;32,0;26,23;18,0;17,0
2020-11-24;8;Castilla La Mancha;642,0;12,95;111,0;29,44;69,0;75,0
2020-11-24;7;Castilla y León;1425,0;20,27;226,0;40,29;111,0;203,0
2020-11-24;9;Cataluña;3153,0;12,34;512,0;36,34;260,0;415,0
2020-11-24;18;Ceuta;28,0;14,00;5,0;29,41;0,0;4,0
2020-11-24;10;C. Valenciana;1502,0;13,25;317,0;31,54;150,0;185,0
2020-11-24;11;Extremadura;284,0;8,92;68,0;26,98;22,0;25,0
2020-11-24;12;Galicia;494,0;5,99;95,0;13,12;55,0;56,0
2020-11-24;13;Madrid;1976,0;11,72;362,0;28,84;203,0;244,0
2020-11-24;19;Melilla;25,0;13,97;5,0;35,71;2,0;7,0
2020-11-24;14;Murcia;454,0;10,81;90,0;19,07;51,0;59,0
2020-11-24;15;Navarra;206,0;10,00;39,0;27,46;20,0;28,0
2020-11-24;16;País Vasco;784,0;17,01;119,0;30,43;87,0;115,0
2020-11-24;17;La Rioja;122,0;14,19;33,0;55,00;10,0;16,0
2020-11-24;0;España;15986,0;12,84;2838,0;28,98;1471,0;2085,0
2020-11-25;1;Andalucía;2472,0;14,33;476,0;28,13;209,0;323,0
2020-11-25;2;Aragón;583,0;14,05;98,0;42,06;55,0;87,0
2020-11-25;3;Asturias;878,0;25,18;144,0;42,23;73,0;151,0
2020-11-25;4;Baleares;268,0;8,00;54,0;18,69;23,0;29,0
2020-11-25;5;Canarias;218,0;4,06;41,0;9,26;16,0;25,0
2020-11-25;6;Cantabria;187,0;11,64;32,0;26,23;22,0;15,0
2020-11-25;8;Castilla La Mancha;613,0;12,36;116,0;30,77;55,0;77,0
2020-11-25;7;Castilla y León;1363,0;19,39;223,0;39,75;115,0;162,0
2020-11-25;9;Cataluña;3088,0;12,12;503,0;35,93;252,0;378,0
2020-11-25;18;Ceuta;27,0;13,37;5,0;29,41;2,0;4,0
2020-11-25;10;C. Valenciana;1468,0;12,86;316,0;31,10;145,0;182,0
2020-11-25;11;Extremadura;273,0;8,57;71,0;28,17;19,0;24,0
2020-11-25;12;Galicia;481,0;5,85;96,0;13,26;57,0;45,0
2020-11-25;13;Madrid;1905,0;11,27;350,0;28,14;173,0;217,0
2020-11-25;19;Melilla;24,0;13,41;7,0;50,00;4,0;3,0
2020-11-25;14;Murcia;423,0;10,07;93,0;19,70;51,0;80,0
2020-11-25;15;Navarra;201,0;9,89;38,0;26,76;17,0;21,0
2020-11-25;16;País Vasco;730,0;15,86;117,0;30,55;88,0;126,0
2020-11-25;17;La Rioja;114,0;13,26;35,0;33,02;12,0;20,0
2020-11-25;0;España;15316,0;12,30;2815,0;28,64;1388,0;1969,0
2020-11-26;1;Andalucía;2327,0;13,49;466,0;27,44;210,0;341,0
2020-11-26;2;Aragón;572,0;13,75;98,0;42,06;68,0;69,0
2020-11-26;3;Asturias;849,0;24,35;136,0;39,88;66,0;129,0
2020-11-26;4;Baleares;255,0;7,58;53,0;18,34;18,0;25,0
2020-11-26;5;Canarias;219,0;4,08;43,0;9,71;15,0;20,0
2020-11-26;6;Cantabria;172,0;10,71;28,0;22,95;11,0;19,0
2020-11-26;8;Castilla La Mancha;600,0;12,10;116,0;30,69;62,0;63,0
2020-11-26;7;Castilla y León;1301,0;18,50;219,0;39,11;100,0;146,0
2020-11-26;9;Cataluña;2889,0;11,38;498,0;35,75;213,0;349,0
2020-11-26;18;Ceuta;26,0;12,87;4,0;23,53;2,0;4,0
2020-11-26;10;C. Valenciana;1440,0;12,61;307,0;30,22;168,0;150,0
2020-11-26;11;Extremadura;249,0;7,82;69,0;27,38;27,0;30,0
2020-11-26;12;Galicia;459,0;5,58;90,0;12,43;42,0;55,0
2020-11-26;13;Madrid;1958,0;11,84;360,0;29,17;182,0;180,0
2020-11-26;19;Melilla;21,0;11,73;6,0;42,86;1,0;4,0
2020-11-26;14;Murcia;410,0;9,76;93,0;19,66;52,0;58,0
2020-11-26;15;Navarra;191,0;9,47;40,0;30,08;16,0;24,0
2020-11-26;16;País Vasco;762,0;16,64;117,0;30,39;96,0;105,0
2020-11-26;17;La Rioja;119,0;13,84;34,0;56,67;18,0;9,0
2020-11-26;0;España;14819,0;11,95;2777,0;28,44;1367,0;1780,0
2020-11-29;1;Andalucía;2158,0;12,51;407,0;24,05;152,0;113,0
2020-11-29;2;Aragón;581,0;14,02;98,0;42,06;46,0;37,0
2020-11-29;3;Asturias;856,0;24,62;130,0;38,12;51,0;24,0
2020-11-29;4;Baleares;257,0;7,66;54,0;18,69;22,0;8,0
2020-11-29;5;Canarias;221,0;4,12;43,0;9,71;13,0;1,0
2020-11-29;6;Cantabria;176,0;10,96;30,0;24,59;14,0;6,0
2020-11-29;8;Castilla La Mancha;643,0;13,02;113,0;29,82;44,0;19,0
2020-11-29;7;Castilla y León;1275,0;18,53;212,0;40,15;83,0;28,0
2020-11-29;9;Cataluña;2905,0;11,59;485,0;32,16;141,0;109,0
2020-11-29;18;Ceuta;20,0;9,90;3,0;17,65;1,0;0,0
2020-11-29;10;C. Valenciana;1366,0;12,23;287,0;28,87;104,0;58,0
2020-11-29;11;Extremadura;300,0;9,42;74,0;29,37;16,0;19,0
2020-11-29;12;Galicia;450,0;5,46;67,0;9,25;44,0;23,0
2020-11-29;13;Madrid;1817,0;11,51;352,0;28,43;121,0;57,0
2020-11-29;19;Melilla;23,0;12,85;4,0;28,57;2,0;1,0
2020-11-29;14;Murcia;397,0;9,45;88,0;18,60;28,0;21,0
2020-11-29;15;Navarra;174,0;8,80;35,0;26,32;11,0;19,0
2020-11-29;16;País Vasco;753,0;16,59;116,0;29,74;45,0;28,0
2020-11-29;17;La Rioja;131,0;15,23;31,0;51,67;5,0;2,0
2020-11-29;0;España;14503,0;11,85;2629,0;26,74;943,0;573,0
2020-11-30;1;Andalucía;2050,0;11,89;407,0;24,13;152,0;265,0
2020-11-30;2;Aragón;567,0;13,68;95,0;40,77;58,0;71,0
2020-11-30;3;Asturias;838,0;24,14;131,0;38,42;62,0;75,0
2020-11-30;4;Baleares;251,0;7,42;51,0;17,65;19,0;36,0
2020-11-30;5;Canarias;215,0;4,01;42,0;9,50;15,0;17,0
2020-11-30;6;Cantabria;172,0;10,71;29,0;23,77;20,0;25,0
2020-11-30;8;Castilla La Mancha;621,0;12,58;108,0;28,50;52,0;82,0
2020-11-30;7;Castilla y León;1226,0;17,99;212,0;40,38;124,0;157,0
2020-11-30;9;Cataluña;2999,0;11,86;451,0;30,07;205,0;241,0
2020-11-30;18;Ceuta;19,0;9,41;2,0;11,76;1,0;3,0
2020-11-30;10;C. Valenciana;1397,0;12,19;305,0;29,96;144,0;146,0
2020-11-30;11;Extremadura;235,0;7,45;71,0;29,46;12,0;16,0
2020-11-30;12;Galicia;423,0;5,13;63,0;8,70;45,0;45,0
2020-11-30;13;Madrid;1842,0;11,16;348,0;28,48;207,0;175,0
2020-11-30;19;Melilla;21,0;11,73;4,0;28,57;2,0;3,0
2020-11-30;14;Murcia;364,0;8,66;86,0;18,18;41,0;46,0
2020-11-30;15;Navarra;171,0;8,67;33,0;25,58;13,0;10,0
2020-11-30;16;País Vasco;706,0;15,37;110,0;28,35;84,0;136,0
2020-11-30;17;La Rioja;126,0;14,65;30,0;50,00;6,0;12,0
2020-11-30;0;España;14243,0;11,52;2578,0;26,30;1262,0;1561,0
2020-12-01;1;Andalucía;1984,0;11,55;389,0;23,13;192,0;264,0
2020-12-01;2;Aragón;546,0;13,18;92,0;40,17;55,0;71,0
2020-12-01;3;Asturias;829,0;23,88;134,0;39,30;69,0;78,0
2020-12-01;4;Baleares;237,0;7,00;48,0;16,61;14,0;34,0
2020-12-01;5;Canarias;219,0;4,08;44,0;9,95;16,0;17,0
2020-12-01;6;Cantabria;177,0;11,02;31,0;25,41;22,0;12,0
2020-12-01;8;Castilla La Mancha;611,0;12,38;107,0;28,23;54,0;65,0
2020-12-01;7;Castilla y León;1159,0;16,60;205,0;36,94;114,0;166,0
2020-12-01;9;Cataluña;2760,0;10,80;455,0;32,55;198,0;360,0
2020-12-01;18;Ceuta;20,0;9,90;2,0;11,76;2,0;1,0
2020-12-01;10;C. Valenciana;1363,0;11,89;302,0;29,61;138,0;125,0
2020-12-01;11;Extremadura;191,0;6,64;30,0;15,31;14,0;21,0
2020-12-01;12;Galicia;392,0;4,75;55,0;7,60;39,0;59,0
2020-12-01;13;Madrid;1757,0;10,61;333,0;27,07;186,0;208,0
2020-12-01;19;Melilla;17,0;9,50;4,0;28,57;2,0;5,0
2020-12-01;14;Murcia;342,0;8,18;83,0;17,55;29,0;45,0
2020-12-01;15;Navarra;169,0;8,39;31,0;24,03;18,0;22,0
2020-12-01;16;País Vasco;684,0;14,98;111,0;28,98;84,0;111,0
2020-12-01;17;La Rioja;110,0;12,79;29,0;48,33;10,0;11,0
2020-12-01;0;España;13567,0;10,96;2485,0;25,66;1256,0;1675,0
2020-12-02;1;Andalucía;1872,0;10,88;387,0;23,01;164,0;254,0
2020-12-02;2;Aragón;540,0;13,01;94,0;41,05;49,0;45,0
2020-12-02;3;Asturias;767,0;22,09;133,0;39,00;50,0;86,0
2020-12-02;4;Baleares;223,0;6,58;45,0;15,57;22,0;27,0
2020-12-02;5;Canarias;211,0;3,93;44,0;9,95;12,0;11,0
2020-12-02;6;Cantabria;183,0;11,39;32,0;26,23;22,0;15,0
2020-12-02;8;Castilla La Mancha;612,0;12,49;104,0;27,44;50,0;54,0
2020-12-02;7;Castilla y León;1112,0;15,95;202,0;36,66;107,0;129,0
2020-12-02;9;Cataluña;2648,0;10,37;436,0;32,11;196,0;299,0
2020-12-02;18;Ceuta;9,0;4,46;2,0;11,76;0,0;3,0
2020-12-02;10;C. Valenciana;1309,0;11,44;290,0;28,83;127,0;143,0
2020-12-02;11;Extremadura;199,0;6,25;41,0;18,30;5,0;21,0
2020-12-02;12;Galicia;371,0;4,49;52,0;7,18;44,0;52,0
2020-12-02;13;Madrid;1717,0;10,35;327,0;26,56;156,0;216,0
2020-12-02;19;Melilla;16,0;8,94;3,0;21,43;2,0;2,0
2020-12-02;14;Murcia;310,0;7,38;80,0;16,95;23,0;44,0
2020-12-02;15;Navarra;161,0;7,99;31,0;24,03;12,0;27,0
2020-12-02;16;País Vasco;675,0;14,84;110,0;28,80;82,0;103,0
2020-12-02;17;La Rioja;128,0;14,88;27,0;45,00;8,0;12,0
2020-12-02;0;España;13063,0;10,53;2440,0;25,28;1131,0;1543,0
2020-12-03;1;Andalucía;1761,0;10,21;369,0;22,02;141,0;256,0
2020-12-03;2;Aragón;522,0;12,60;89,0;39,91;48,0;63,0
2020-12-03;3;Asturias;770,0;22,14;129,0;37,83;49,0;72,0
2020-12-03;4;Baleares;207,0;6,14;45,0;15,57;13,0;27,0
2020-12-03;5;Canarias;223,0;4,23;47,0;10,63;29,0;9,0
2020-12-03;6;Cantabria;184,0;11,46;34,0;27,87;18,0;17,0
2020-12-03;8;Castilla La Mancha;585,0;11,87;105,0;27,70;49,0;69,0
2020-12-03;7;Castilla y León;1075,0;15,42;200,0;36,30;97,0;127,0
2020-12-03;9;Cataluña;2530,0;9,93;424,0;31,52;212,0;290,0
2020-12-03;18;Ceuta;9,0;4,46;2,0;11,76;0,0;0,0
2020-12-03;10;C. Valenciana;1225,0;10,70;277,0;27,29;111,0;142,0
2020-12-03;11;Extremadura;191,0;5,99;38,0;16,96;17,0;21,0
2020-12-03;12;Galicia;392,0;4,76;51,0;7,04;47,0;39,0
2020-12-03;13;Madrid;1669,0;10,10;320,0;26,27;131,0;200,0
2020-12-03;19;Melilla;15,0;8,38;3,0;21,43;1,0;2,0
2020-12-03;14;Murcia;284,0;6,76;75,0;15,89;29,0;30,0
2020-12-03;15;Navarra;146,0;7,28;30,0;22,90;7,0;13,0
2020-12-03;16;País Vasco;652,0;14,28;105,0;27,56;82,0;110,0
2020-12-03;17;La Rioja;112,0;13,02;28,0;46,67;7,0;13,0
2020-12-03;0;España;12552,0;10,13;2371,0;24,64;1088,0;1500,0
