municipio_distrito;fecha_informe;casos_confirmados_activos_ultimos_14dias;tasa_incidencia_acumulada_activos_ultimos_14dias;casos_confirmados_ultimos_14dias;tasa_incidencia_acumulada_ultimos_14dias;casos_confirmados_totales;tasa_incidencia_acumulada_total;codigo_geometria
Madrid-Retiro;2020/06/30 07:00:00;8;6,7;33;27,66;1696;1421,42;079603
Madrid-Salamanca;2020/06/30 07:00:00;9;6,16;29;19,85;1786;1222,42;079604
Madrid-Centro;2020/06/30 07:00:00;12;8,9;25;18,54;1283;951,44;079601
Madrid-Arganzuela;2020/06/30 07:00:00;6;3,9;18;11,7;1771;1151,47;079602
Madrid-Chamartín;2020/06/30 07:00:00;;1,37;11;7,54;1808;1239,64;079605
Madrid-Tetuán;2020/06/30 07:00:00;;1,27;6;3,8;2235;1414,35;079606
Madrid-Chamberí;2020/06/30 07:00:00;11;7,89;27;19,37;1753;1257,72;079607
Madrid-Fuencarral-El Pardo;2020/06/30 07:00:00;13;5,29;32;13,01;3309;1345,46;079608
Madrid-Moncloa-Aravaca;2020/06/30 07:00:00;;2,51;18;15,07;1580;1323,07;079609
Madrid-Latina;2020/06/30 07:00:00;23;9,66;65;27,29;3086;1295,45;079610
Madrid-Carabanchel;2020/06/30 07:00:00;13;5,14;47;18,57;2959;1169,11;079611
Madrid-Usera;2020/06/30 07:00:00;;1,43;22;15,74;1504;1076,28;079612
Madrid-Puente de Vallecas;2020/06/30 07:00:00;16;6,81;62;26,4;3344;1423,85;079613
Madrid-San Blas - Canillejas;2020/06/30 07:00:00;7;4,43;19;12,01;1589;1004,79;079620
Madrid-Barajas;2020/06/30 07:00:00;;8,17;9;18,39;469;958,22;079621
Madrid-Moratalaz;2020/06/30 07:00:00;;4,23;28;29,61;1517;1604,1;079614
Madrid-Ciudad Lineal;2020/06/30 07:00:00;12;5,55;29;13,41;2436;1126,3;079615
Madrid-Hortaleza;2020/06/30 07:00:00;;1,06;13;6,91;1897;1008,04;079616
Madrid-Villaverde;2020/06/30 07:00:00;13;8,73;37;24,84;1579;1060,12;079617
Madrid-Villa de Vallecas;2020/06/30 07:00:00;6;5,44;22;19,93;1317;1193,31;079618
Madrid-Vicálvaro;2020/06/30 07:00:00;;6,94;22;30,52;930;1290,04;079619
Pozuelo de Alarcón;2020/06/30 07:00:00;;1,16;;5,79;863;998,59;1150
Alcorcón;2020/06/30 07:00:00;;2,35;15;8,8;1961;1150,05;0072
Navalcarnero;2020/06/30 07:00:00;;0;;3,41;224;764,56;0967
San Agustín del Guadalix;2020/06/30 07:00:00;;0;;0;85;635,32;1296
Las Rozas de Madrid;2020/06/30 07:00:00;;3,13;8;8,35;876;914,27;1277
Moraleja de Enmedio;2020/06/30 07:00:00;;0;;0;30;584,11;0894
Valdaracete;2020/06/30 07:00:00;;0;;0;7;1149,43;1551
Pozuelo del Rey;2020/06/30 07:00:00;;87,18;;87,18;;348,74;1163
Puebla de la Sierra;2020/06/30 07:00:00;;0;;0;;0;1185
Perales de Tajuña;2020/06/30 07:00:00;;0;;34,07;12;408,86;1104
Valdemorillo;2020/06/30 07:00:00;;0;;0;52;415,4;1603
Navalafuente;2020/06/30 07:00:00;;0;;0;8;552,1;0941
Velilla de San Antonio;2020/06/30 07:00:00;;0;;8,17;78;637,46;1678
Villanueva de la Cañada;2020/06/30 07:00:00;;0;;4,66;174;811,38;1760
Villanueva del Pardillo;2020/06/30 07:00:00;;5,82;;5,82;114;663,56;1776
Nuevo Baztán;2020/06/30 07:00:00;;0;;0;33;525,81;1006
Villamantilla;2020/06/30 07:00:00;;0;;0;8;555,17;1757
Villamanta;2020/06/30 07:00:00;;0;;0;18;704,5;1744
Cabanillas de la Sierra;2020/06/30 07:00:00;;0;;0;10;1322,75;0297
Cenicientos;2020/06/30 07:00:00;;0;;147,57;37;1819,97;0376
Puentes Viejas;2020/06/30 07:00:00;;0;;0;;294,55;9020
Aranjuez;2020/06/30 07:00:00;;0;;5,03;479;803,6;0133
Cercedilla;2020/06/30 07:00:00;;28,47;;28,47;126;1793,34;0382
Santorcaz;2020/06/30 07:00:00;;0;;0;7;790,07;1369
Coslada;2020/06/30 07:00:00;;2,45;7;8,57;876;1072,73;0493
Morata de Tajuña;2020/06/30 07:00:00;;0;;13,02;112;1457,76;0915
Robregordo;2020/06/30 07:00:00;;0;;0;;0;1261
Navarredonda y San Mamés;2020/06/30 07:00:00;;0;;0;;775,19;0973
Venturada;2020/06/30 07:00:00;;0;;0;;138,7;1697
Navacerrada;2020/06/30 07:00:00;;0;;0;19;639,3;0936
Montejo de la Sierra;2020/06/30 07:00:00;;0;;0;;283,29;0881
Fresno de Torote;2020/06/30 07:00:00;;0;;0;14;630,35;0571
Pinilla del Valle;2020/06/30 07:00:00;;0;;0;;0;1126
Valdemaqueda;2020/06/30 07:00:00;;0;;0;;640,2;1599
Navas del Rey;2020/06/30 07:00:00;;0;;34,27;83;2844,41;0992
Olmeda de las Fuentes;2020/06/30 07:00:00;;0;;0;;862,07;1013
Bustarviejo;2020/06/30 07:00:00;;0;;0;11;439,47;0284
Becerril de la Sierra;2020/06/30 07:00:00;;0;;0;35;612,53;0186
Fuenlabrada;2020/06/30 07:00:00;11;5,68;32;16,52;1716;885,91;0587
Garganta de los Montes;2020/06/30 07:00:00;;0;;0;;288,18;0626
Pinto;2020/06/30 07:00:00;;3,81;22;41,88;361;687,28;1132
Alameda del Valle;2020/06/30 07:00:00;;0;;0;;0;0035
Berzosa del Lozoya;2020/06/30 07:00:00;;0;;0;;975,61;0203
Los Santos de la Humosa;2020/06/30 07:00:00;;0;;0;21;810,81;1375
El Álamo;2020/06/30 07:00:00;;0;;21,12;112;1182,68;0040
Pelayos de la Presa;2020/06/30 07:00:00;;38,52;;38,52;20;770,42;1090
Galapagar;2020/06/30 07:00:00;;0;;11,85;300;889,1;0611
Griñón;2020/06/30 07:00:00;;9,69;;19,38;114;1104,76;0663
Gargantilla del Lozoya y Pinilla de Buitrago;2020/06/30 07:00:00;;0;;0;;949,37;0632
Aldea del Fresno;2020/06/30 07:00:00;;0;;0;62;2184,64;0088
Carabaña;2020/06/30 07:00:00;;0;;0;14;696,52;0357
Talamanca de Jarama;2020/06/30 07:00:00;;0;;25,93;66;1711,17;1454
Chapinería;2020/06/30 07:00:00;;0;;0;8;343,64;0513
Ciempozuelos;2020/06/30 07:00:00;;0;;4,07;278;1130,45;0409
Ajalvir;2020/06/30 07:00:00;;0;;21,22;36;764,01;0029
San Lorenzo de El Escorial;2020/06/30 07:00:00;;0;;10,89;151;822,04;1317
Gascones;2020/06/30 07:00:00;;0;;0;;0;0647
San Martín de la Vega;2020/06/30 07:00:00;;0;;20,87;108;563,38;1322
Móstoles;2020/06/30 07:00:00;8;3,82;34;16,25;2341;1119,11;0920
Leganés;2020/06/30 07:00:00;14;7,37;79;41,61;3403;1792,36;0745
Braojos;2020/06/30 07:00:00;;0;;0;;975,61;0246
Cubas de la Sagra;2020/06/30 07:00:00;;0;;31,19;36;561,36;0506
Algete;2020/06/30 07:00:00;;4,85;;4,85;136;659,84;0091
Mejorada del Campo;2020/06/30 07:00:00;;0;;0;193;829,25;0843
Loeches;2020/06/30 07:00:00;;0;;0;52;591,51;0758
Parla;2020/06/30 07:00:00;;2,31;12;9,22;837;643,23;1065
Fuentidueña de Tajo;2020/06/30 07:00:00;;0;;48,71;20;974,18;0604
Ambite;2020/06/30 07:00:00;;0;;0;7;1182,43;0112
Torremocha de Jarama;2020/06/30 07:00:00;;0;;0;16;1570,17;1533
Anchuelo;2020/06/30 07:00:00;;0;;78,68;9;708,1;0127
Los Molinos;2020/06/30 07:00:00;;0;;22,78;56;1275,92;0875
Soto del Real;2020/06/30 07:00:00;;11,36;;11,36;77;875,1;1441
Valverde de Alcalá;2020/06/30 07:00:00;;0;;0;8;1720,43;1662
Fuente el Saz de Jarama;2020/06/30 07:00:00;;0;;0;42;627,24;0590
Horcajo de la Sierra-Aoslos;2020/06/30 07:00:00;;0;;0;;2758,62;0702
Valdeolmos-Alalpardo;2020/06/30 07:00:00;;0;;0;11;265,96;1625
Campo Real;2020/06/30 07:00:00;;0;;16,1;32;515,3;0339
Valdeavero;2020/06/30 07:00:00;;0;;0;10;643,5;1564
Villamanrique de Tajo;2020/06/30 07:00:00;;0;;0;;568,99;1739
Cobeña;2020/06/30 07:00:00;;13,46;;13,46;89;1198,17;0416
Fresnedillas de la Oliva;2020/06/30 07:00:00;;0;;0;9;572,52;0565
Valdilecha;2020/06/30 07:00:00;;0;;34,09;21;715,99;1659
El Berrueco;2020/06/30 07:00:00;;0;;131,58;12;1578,95;0210
Pezuela de las Torres;2020/06/30 07:00:00;;0;;0;;237,53;1111
Villar del Olmo;2020/06/30 07:00:00;;0;;0;7;348,09;1795
Guadarrama;2020/06/30 07:00:00;;0;;18,71;237;1478,29;0685
San Martín de Valdeiglesias;2020/06/30 07:00:00;;11,82;;11,82;101;1193,99;1338
Torrelodones;2020/06/30 07:00:00;;0;;0;360;1517,9;1527
Boadilla del Monte;2020/06/30 07:00:00;;1,83;;7,33;401;734,84;0225
Torrejón de Velasco;2020/06/30 07:00:00;;0;;0;23;524,87;1505
Villanueva de Perales;2020/06/30 07:00:00;;0;;0;;319,9;1782
Tielmes;2020/06/30 07:00:00;;0;;37,74;37;1396,23;1467
San Sebastián de los Reyes;2020/06/30 07:00:00;;3,36;7;7,84;631;706,8;1343
Guadalix de la Sierra;2020/06/30 07:00:00;;0;;0;53;852,91;0679
Humanes de Madrid;2020/06/30 07:00:00;;10,13;;25,33;143;724,31;0730
Chinchón;2020/06/30 07:00:00;;18,76;;18,76;32;600,26;0528
Cadalso de los Vidrios;2020/06/30 07:00:00;;0;;0;15;493,58;0318
Hoyo de Manzanares;2020/06/30 07:00:00;;0;;0;44;521,7;0724
Torrejón de la Calzada;2020/06/30 07:00:00;;0;;0;41;462,13;1492
Estremera;2020/06/30 07:00:00;;0;;0;10;793,65;0552
Corpa;2020/06/30 07:00:00;;0;;0;6;841,51;0480
Meco;2020/06/30 07:00:00;;0;;6,99;146;1020,62;0838
Madarcos;2020/06/30 07:00:00;;0;;0;;0;0783
Zarzalejo;2020/06/30 07:00:00;;0;;0;43;2593,49;1837
Arganda del Rey;2020/06/30 07:00:00;;3,61;;3,61;376;678,84;0148
Collado Mediano;2020/06/30 07:00:00;;0;;0;33;474,27;0468
Daganzo de Arriba;2020/06/30 07:00:00;;0;;0;46;450,76;0534
Manzanares El Real;2020/06/30 07:00:00;;0;;0;48;542,99;0822
Buitrago del Lozoya;2020/06/30 07:00:00;;106,16;;106,16;18;955,41;0278
Valdelaguna;2020/06/30 07:00:00;;0;;0;;106,72;1570
Valdepiélagos;2020/06/30 07:00:00;;0;;0;;0;1631
Casarrubuelos;2020/06/30 07:00:00;;0;;0;11;291,16;0360
Miraflores de la Sierra;2020/06/30 07:00:00;;0;;0;39;638,51;0856
Paracuellos de Jarama;2020/06/30 07:00:00;;3,96;;7,91;83;328,47;1049
El Vellón;2020/06/30 07:00:00;;0;;0;14;715,02;1684
Lozoya;2020/06/30 07:00:00;;0;;0;;172,12;0761
Collado Villalba;2020/06/30 07:00:00;;1,57;9;14,13;575;902,97;0474
Colmenarejo;2020/06/30 07:00:00;;0;;21,91;52;569,55;0442
Villavieja del Lozoya;2020/06/30 07:00:00;;0;;0;;0;1821
Prádena del Rincón;2020/06/30 07:00:00;;0;;0;;0;1179
La Cabrera;2020/06/30 07:00:00;;0;;0;12;449,94;0301
Sevilla la Nueva;2020/06/30 07:00:00;;0;;53,66;159;1706,37;1415
La Acebeda;2020/06/30 07:00:00;;0;;0;;0;0014
Redueña;2020/06/30 07:00:00;;0;;0;;769,23;1219
Robledillo de la Jara;2020/06/30 07:00:00;;0;;0;;1250;1245
La Serna del Monte;2020/06/30 07:00:00;;0;;0;;0;1381
Colmenar de Oreja;2020/06/30 07:00:00;;0;;0;28;348,61;0437
Rozas de Puerto Real;2020/06/30 07:00:00;;0;;0;;943,4;1283
Valdemanco;2020/06/30 07:00:00;;0;;0;;218,82;1586
Brunete;2020/06/30 07:00:00;;0;;9,31;119;1108,42;0262
Titulcia;2020/06/30 07:00:00;;0;;76,16;10;761,61;1473
Villa del Prado;2020/06/30 07:00:00;;0;;15,34;136;2085,89;1718
Lozoyuela-Navas-Sieteiglesias;2020/06/30 07:00:00;;0;;76,98;;307,93;9015
Quijorna;2020/06/30 07:00:00;;0;;29,08;35;1017,74;1198
Valdemoro;2020/06/30 07:00:00;;3,95;13;17,11;894;1176,58;1610
Tres Cantos;2020/06/30 07:00:00;;0;;6,29;458;959,73;9036
Torrelaguna;2020/06/30 07:00:00;;0;;0;27;567,23;1512
Rivas-Vaciamadrid;2020/06/30 07:00:00;;4,54;15;17,02;629;713,56;1230
El Atazar;2020/06/30 07:00:00;;0;;0;;0;0164
Pedrezuela;2020/06/30 07:00:00;;0;;0;36;611;1087
Santa María de la Alameda;2020/06/30 07:00:00;;0;;0;7;558,21;1356
Horcajuelo de la Sierra;2020/06/30 07:00:00;;0;;0;;0;0719
Arroyomolinos;2020/06/30 07:00:00;;0;;9,56;200;637,02;0151
Moralzarzal;2020/06/30 07:00:00;;0;;15,35;82;629,51;0908
Canencia;2020/06/30 07:00:00;;0;;0;;671,14;0344
Villarejo de Salvanés;2020/06/30 07:00:00;;13,63;;27,27;44;599,86;1809
Serranillos del Valle;2020/06/30 07:00:00;;0;;0;39;936,37;1408
Villaviciosa de Odón;2020/06/30 07:00:00;;10,78;;17,96;237;851,45;1816
Camarma de Esteruelas;2020/06/30 07:00:00;;0;;0;46;627,04;0323
Robledo de Chavela;2020/06/30 07:00:00;;0;;0;30;702,58;1258
Patones;2020/06/30 07:00:00;;184,84;;184,84;16;2957,49;1071
Navalagamella;2020/06/30 07:00:00;;0;;0;8;306,51;0954
Rascafría;2020/06/30 07:00:00;;60,1;;60,1;7;420,67;1202
El Boalo;2020/06/30 07:00:00;;0;;0;47;626;0231
Majadahonda;2020/06/30 07:00:00;;2,78;8;11,14;636;885,47;0800
Batres;2020/06/30 07:00:00;;0;;0;10;593,82;0170
Alcobendas;2020/06/30 07:00:00;;2,56;13;11,11;906;774,09;0066
Alcalá de Henares;2020/06/30 07:00:00;;1,02;16;8,18;2530;1293,13;0053
Colmenar Viejo;2020/06/30 07:00:00;;1,97;;7,88;508;1000,95;0455
San Fernando de Henares;2020/06/30 07:00:00;;2,54;;10,14;448;1136,13;1300
Villalbilla;2020/06/30 07:00:00;;0;;7,21;95;684,54;1723
El Escorial;2020/06/30 07:00:00;;0;;6,19;147;909,54;0549
Colmenar del Arroyo;2020/06/30 07:00:00;;0;;0;53;3072,46;0421
Torrejón de Ardoz;2020/06/30 07:00:00;7;5,33;13;9,9;1132;861,65;1489
Piñuécar-Gandullas;2020/06/30 07:00:00;;0;;0;;0;1147
Brea de Tajo;2020/06/30 07:00:00;;0;;0;8;1526,72;0259
El Molar;2020/06/30 07:00:00;;0;;0;41;458,72;0869
Belmonte de Tajo;2020/06/30 07:00:00;;0;;0;;300,48;0199
Torres de la Alameda;2020/06/30 07:00:00;;12,86;;12,86;90;1156,96;1548
Somosierra;2020/06/30 07:00:00;;0;;0;;2325,58;1436
Alpedrete;2020/06/30 07:00:00;;0;;13,72;151;1036,02;0105
Orusco de Tajuña;2020/06/30 07:00:00;;0;;0;24;1929,26;1028
La Hiruela;2020/06/30 07:00:00;;0;;0;;3508,77;0698
Cervera de Buitrago;2020/06/30 07:00:00;;0;;0;;2000;0395
Getafe;2020/06/30 07:00:00;8;4,36;40;21,81;1615;880,71;0650
Ribatejada;2020/06/30 07:00:00;;0;;0;;255,43;1224
Villaconejos;2020/06/30 07:00:00;;0;;0;9;265,64;1701
Valdetorres de Jarama;2020/06/30 07:00:00;;0;;0;18;400,27;1646
Madrid-Retiro;2020/06/23 07:00:00;13;10,9;48;40,23;1686;1413,04;079603
Madrid-Salamanca;2020/06/23 07:00:00;;3,42;24;16,43;1773;1213,52;079604
Madrid-Centro;2020/06/23 07:00:00;21;15,57;37;27,44;1275;945,51;079601
Madrid-Arganzuela;2020/06/23 07:00:00;14;9,1;29;18,86;1764;1146,92;079602
Madrid-Chamartín;2020/06/23 07:00:00;;2,06;16;10,97;1804;1236,9;079605
Madrid-Tetuán;2020/06/23 07:00:00;;1,9;15;9,49;2233;1413,09;079606
Madrid-Chamberí;2020/06/23 07:00:00;6;4,3;25;17,94;1739;1247,68;079607
Madrid-Fuencarral-El Pardo;2020/06/23 07:00:00;17;6,91;54;21,96;3293;1338,95;079608
Madrid-Moncloa-Aravaca;2020/06/23 07:00:00;7;5,86;26;21,77;1562;1308;079609
Madrid-Latina;2020/06/23 07:00:00;19;7,98;65;27,29;3055;1282,44;079610
Madrid-Carabanchel;2020/06/23 07:00:00;16;6,32;56;22,13;2943;1162,79;079611
Madrid-Usera;2020/06/23 07:00:00;;3,58;23;16,46;1494;1069,12;079612
Madrid-Puente de Vallecas;2020/06/23 07:00:00;18;7,66;84;35,77;3328;1417,03;079613
Madrid-San Blas - Canillejas;2020/06/23 07:00:00;8;5,06;25;15,81;1582;1000,37;079620
Madrid-Barajas;2020/06/23 07:00:00;;6,13;9;18,39;464;948;079621
Madrid-Moratalaz;2020/06/23 07:00:00;8;8,46;45;47,58;1508;1594,59;079614
Madrid-Ciudad Lineal;2020/06/23 07:00:00;6;2,77;29;13,41;2406;1112,43;079615
Madrid-Hortaleza;2020/06/23 07:00:00;;2,13;17;9,03;1891;1004,85;079616
Madrid-Villaverde;2020/06/23 07:00:00;16;10,74;36;24,17;1559;1046,69;079617
Madrid-Villa de Vallecas;2020/06/23 07:00:00;7;6,34;26;23,56;1311;1187,88;079618
Madrid-Vicálvaro;2020/06/23 07:00:00;;2,77;23;31,9;917;1272;079619
Pozuelo de Alarcón;2020/06/23 07:00:00;;0;;5,79;861;996,27;1150
Alcorcón;2020/06/23 07:00:00;;1,17;11;6,45;1956;1147,12;0072
Navalcarnero;2020/06/23 07:00:00;;0;;10,24;224;764,56;0967
San Agustín del Guadalix;2020/06/23 07:00:00;;0;;0;85;635,32;1296
Las Rozas de Madrid;2020/06/23 07:00:00;;3,13;10;10,44;871;909,05;1277
Moraleja de Enmedio;2020/06/23 07:00:00;;0;;0;30;584,11;0894
Valdaracete;2020/06/23 07:00:00;;0;;0;7;1149,43;1551
Pozuelo del Rey;2020/06/23 07:00:00;;87,18;;87,18;;348,74;1163
Puebla de la Sierra;2020/06/23 07:00:00;;0;;0;;0;1185
Perales de Tajuña;2020/06/23 07:00:00;;0;;34,07;12;408,86;1104
Valdemorillo;2020/06/23 07:00:00;;0;;0;52;415,4;1603
Navalafuente;2020/06/23 07:00:00;;0;;0;8;552,1;0941
Velilla de San Antonio;2020/06/23 07:00:00;;0;;8,17;78;637,46;1678
Villanueva de la Cañada;2020/06/23 07:00:00;;0;;0;173;806,71;1760
Villanueva del Pardillo;2020/06/23 07:00:00;;5,82;;11,64;114;663,56;1776
Nuevo Baztán;2020/06/23 07:00:00;;0;;0;33;525,81;1006
Villamantilla;2020/06/23 07:00:00;;0;;0;8;555,17;1757
Villamanta;2020/06/23 07:00:00;;0;;39,14;18;704,5;1744
Cabanillas de la Sierra;2020/06/23 07:00:00;;0;;0;10;1322,75;0297
Cenicientos;2020/06/23 07:00:00;;0;;147,57;37;1819,97;0376
Puentes Viejas;2020/06/23 07:00:00;;0;;0;;294,55;9020
Aranjuez;2020/06/23 07:00:00;;0;;6,71;477;800,24;0133
Cercedilla;2020/06/23 07:00:00;;14,23;;28,47;125;1779,11;0382
Santorcaz;2020/06/23 07:00:00;;0;;0;7;790,07;1369
Coslada;2020/06/23 07:00:00;;0;8;9,8;872;1067,83;0493
Morata de Tajuña;2020/06/23 07:00:00;;0;;65,08;112;1457,76;0915
Robregordo;2020/06/23 07:00:00;;0;;0;;0;1261
Navarredonda y San Mamés;2020/06/23 07:00:00;;0;;0;;775,19;0973
Venturada;2020/06/23 07:00:00;;0;;0;;138,7;1697
Navacerrada;2020/06/23 07:00:00;;0;;0;19;639,3;0936
Montejo de la Sierra;2020/06/23 07:00:00;;0;;0;;283,29;0881
Fresno de Torote;2020/06/23 07:00:00;;0;;0;14;630,35;0571
Pinilla del Valle;2020/06/23 07:00:00;;0;;0;;0;1126
Valdemaqueda;2020/06/23 07:00:00;;0;;0;;640,2;1599
Navas del Rey;2020/06/23 07:00:00;;0;;34,27;83;2844,41;0992
Olmeda de las Fuentes;2020/06/23 07:00:00;;0;;0;;862,07;1013
Bustarviejo;2020/06/23 07:00:00;;0;;0;11;439,47;0284
Becerril de la Sierra;2020/06/23 07:00:00;;0;;0;35;612,53;0186
Fuenlabrada;2020/06/23 07:00:00;9;4,65;32;16,52;1699;877,13;0587
Garganta de los Montes;2020/06/23 07:00:00;;0;;0;;288,18;0626
Pinto;2020/06/23 07:00:00;;3,81;22;41,88;353;672,05;1132
Alameda del Valle;2020/06/23 07:00:00;;0;;0;;0;0035
Berzosa del Lozoya;2020/06/23 07:00:00;;0;;0;;975,61;0203
Los Santos de la Humosa;2020/06/23 07:00:00;;0;;0;21;810,81;1375
El Álamo;2020/06/23 07:00:00;;10,56;7;73,92;111;1172,12;0040
Pelayos de la Presa;2020/06/23 07:00:00;;0;;0;19;731,9;1090
Galapagar;2020/06/23 07:00:00;;0;;11,85;298;883,17;0611
Griñón;2020/06/23 07:00:00;;9,69;;19,38;114;1104,76;0663
Gargantilla del Lozoya y Pinilla de Buitrago;2020/06/23 07:00:00;;0;;0;;949,37;0632
Aldea del Fresno;2020/06/23 07:00:00;;0;;35,24;62;2184,64;0088
Carabaña;2020/06/23 07:00:00;;0;;0;14;696,52;0357
Talamanca de Jarama;2020/06/23 07:00:00;;0;;25,93;66;1711,17;1454
Chapinería;2020/06/23 07:00:00;;0;;0;8;343,64;0513
Ciempozuelos;2020/06/23 07:00:00;;4,07;9;36,6;277;1126,38;0409
Ajalvir;2020/06/23 07:00:00;;0;;0;35;742,78;0029
San Lorenzo de El Escorial;2020/06/23 07:00:00;;0;;5,44;150;816,59;1317
Gascones;2020/06/23 07:00:00;;0;;0;;0;0647
San Martín de la Vega;2020/06/23 07:00:00;;5,22;;15,65;105;547,73;1322
Móstoles;2020/06/23 07:00:00;12;5,74;47;22,47;2327;1112,42;0920
Leganés;2020/06/23 07:00:00;18;9,48;101;53,2;3380;1780,25;0745
Braojos;2020/06/23 07:00:00;;0;;0;;975,61;0246
Cubas de la Sagra;2020/06/23 07:00:00;;15,59;6;93,56;36;561,36;0506
Algete;2020/06/23 07:00:00;;9,7;;9,7;136;659,84;0091
Mejorada del Campo;2020/06/23 07:00:00;;0;;0;193;829,25;0843
Loeches;2020/06/23 07:00:00;;0;;0;52;591,51;0758
Parla;2020/06/23 07:00:00;;1,54;14;10,76;833;640,16;1065
Fuentidueña de Tajo;2020/06/23 07:00:00;;0;;48,71;20;974,18;0604
Ambite;2020/06/23 07:00:00;;0;;0;7;1182,43;0112
Torremocha de Jarama;2020/06/23 07:00:00;;0;;0;16;1570,17;1533
Anchuelo;2020/06/23 07:00:00;;0;;78,68;9;708,1;0127
Los Molinos;2020/06/23 07:00:00;;0;;45,57;56;1275,92;0875
Soto del Real;2020/06/23 07:00:00;;11,36;;11,36;77;875,1;1441
Valverde de Alcalá;2020/06/23 07:00:00;;0;;0;8;1720,43;1662
Fuente el Saz de Jarama;2020/06/23 07:00:00;;0;;29,87;42;627,24;0590
Horcajo de la Sierra-Aoslos;2020/06/23 07:00:00;;0;;0;;2758,62;0702
Valdeolmos-Alalpardo;2020/06/23 07:00:00;;0;;0;11;265,96;1625
Campo Real;2020/06/23 07:00:00;;0;;16,1;31;499,19;0339
Valdeavero;2020/06/23 07:00:00;;0;;0;10;643,5;1564
Villamanrique de Tajo;2020/06/23 07:00:00;;0;;0;;568,99;1739
Cobeña;2020/06/23 07:00:00;;13,46;;13,46;89;1198,17;0416
Fresnedillas de la Oliva;2020/06/23 07:00:00;;0;;0;9;572,52;0565
Valdilecha;2020/06/23 07:00:00;;0;;34,09;20;681,9;1659
El Berrueco;2020/06/23 07:00:00;;0;;526,32;12;1578,95;0210
Pezuela de las Torres;2020/06/23 07:00:00;;0;;0;;237,53;1111
Villar del Olmo;2020/06/23 07:00:00;;99,45;;149,18;7;348,09;1795
Guadarrama;2020/06/23 07:00:00;;0;;24,95;237;1478,29;0685
San Martín de Valdeiglesias;2020/06/23 07:00:00;;0;;0;100;1182,17;1338
Torrelodones;2020/06/23 07:00:00;;0;;4,22;360;1517,9;1527
Boadilla del Monte;2020/06/23 07:00:00;;0;;3,67;397;727,51;0225
Torrejón de Velasco;2020/06/23 07:00:00;;0;;22,82;23;524,87;1505
Villanueva de Perales;2020/06/23 07:00:00;;0;;0;;319,9;1782
Tielmes;2020/06/23 07:00:00;;0;;0;36;1358,49;1467
San Sebastián de los Reyes;2020/06/23 07:00:00;;2,24;18;20,16;626;701,2;1343
Guadalix de la Sierra;2020/06/23 07:00:00;;0;;0;53;852,91;0679
Humanes de Madrid;2020/06/23 07:00:00;;5,07;;25,33;141;714,18;0730
Chinchón;2020/06/23 07:00:00;;0;;0;31;581,5;0528
Cadalso de los Vidrios;2020/06/23 07:00:00;;0;;0;15;493,58;0318
Hoyo de Manzanares;2020/06/23 07:00:00;;0;;0;44;521,7;0724
Torrejón de la Calzada;2020/06/23 07:00:00;;0;;0;41;462,13;1492
Estremera;2020/06/23 07:00:00;;0;;0;10;793,65;0552
Corpa;2020/06/23 07:00:00;;0;;0;6;841,51;0480
Meco;2020/06/23 07:00:00;;0;;0;145;1013,63;0838
Madarcos;2020/06/23 07:00:00;;0;;0;;0;0783
Zarzalejo;2020/06/23 07:00:00;;0;;0;43;2593,49;1837
Arganda del Rey;2020/06/23 07:00:00;;3,61;;7,22;375;677,03;0148
Collado Mediano;2020/06/23 07:00:00;;0;;0;33;474,27;0468
Daganzo de Arriba;2020/06/23 07:00:00;;0;;0;46;450,76;0534
Manzanares El Real;2020/06/23 07:00:00;;11,31;;22,62;48;542,99;0822
Buitrago del Lozoya;2020/06/23 07:00:00;;0;;0;16;849,26;0278
Valdelaguna;2020/06/23 07:00:00;;0;;0;;106,72;1570
Valdepiélagos;2020/06/23 07:00:00;;0;;0;;0;1631
Casarrubuelos;2020/06/23 07:00:00;;0;;0;11;291,16;0360
Miraflores de la Sierra;2020/06/23 07:00:00;;0;;0;39;638,51;0856
Paracuellos de Jarama;2020/06/23 07:00:00;;7,91;;15,83;83;328,47;1049
El Vellón;2020/06/23 07:00:00;;0;;0;14;715,02;1684
Lozoya;2020/06/23 07:00:00;;0;;0;;172,12;0761
Collado Villalba;2020/06/23 07:00:00;;3,14;11;17,27;569;893,54;0474
Colmenarejo;2020/06/23 07:00:00;;0;;0;50;547,65;0442
Villavieja del Lozoya;2020/06/23 07:00:00;;0;;0;;0;1821
Prádena del Rincón;2020/06/23 07:00:00;;0;;0;;0;1179
La Cabrera;2020/06/23 07:00:00;;0;;0;12;449,94;0301
Sevilla la Nueva;2020/06/23 07:00:00;;0;;53,66;159;1706,37;1415
La Acebeda;2020/06/23 07:00:00;;0;;0;;0;0014
Redueña;2020/06/23 07:00:00;;0;;0;;769,23;1219
Robledillo de la Jara;2020/06/23 07:00:00;;0;;0;;1250;1245
La Serna del Monte;2020/06/23 07:00:00;;0;;0;;0;1381
Colmenar de Oreja;2020/06/23 07:00:00;;0;;0;28;348,61;0437
Rozas de Puerto Real;2020/06/23 07:00:00;;0;;0;;943,4;1283
Valdemanco;2020/06/23 07:00:00;;0;;0;;218,82;1586
Brunete;2020/06/23 07:00:00;;0;;18,63;119;1108,42;0262
Titulcia;2020/06/23 07:00:00;;0;;76,16;10;761,61;1473
Villa del Prado;2020/06/23 07:00:00;;0;;0;135;2070,55;1718
Lozoyuela-Navas-Sieteiglesias;2020/06/23 07:00:00;;0;;0;;230,95;9015
Quijorna;2020/06/23 07:00:00;;0;;29,08;35;1017,74;1198
Valdemoro;2020/06/23 07:00:00;;6,58;13;17,11;885;1164,73;1610
Tres Cantos;2020/06/23 07:00:00;;0;;6,29;456;955,53;9036
Torrelaguna;2020/06/23 07:00:00;;0;;0;26;546,22;1512
Rivas-Vaciamadrid;2020/06/23 07:00:00;;5,67;15;17,02;623;706,75;1230
El Atazar;2020/06/23 07:00:00;;0;;0;;0;0164
Pedrezuela;2020/06/23 07:00:00;;0;;0;36;611;1087
Santa María de la Alameda;2020/06/23 07:00:00;;0;;0;7;558,21;1356
Horcajuelo de la Sierra;2020/06/23 07:00:00;;0;;0;;0;0719
Arroyomolinos;2020/06/23 07:00:00;;0;;9,56;200;637,02;0151
Moralzarzal;2020/06/23 07:00:00;;0;;0;80;614,16;0908
Canencia;2020/06/23 07:00:00;;0;;0;;671,14;0344
Villarejo de Salvanés;2020/06/23 07:00:00;;27,27;;68,17;44;599,86;1809
Serranillos del Valle;2020/06/23 07:00:00;;0;;0;39;936,37;1408
Villaviciosa de Odón;2020/06/23 07:00:00;;7,19;;17,96;235;844,26;1816
Camarma de Esteruelas;2020/06/23 07:00:00;;13,63;;13,63;46;627,04;0323
Robledo de Chavela;2020/06/23 07:00:00;;0;;23,42;30;702,58;1258
Patones;2020/06/23 07:00:00;;184,84;;184,84;16;2957,49;1071
Navalagamella;2020/06/23 07:00:00;;0;;0;8;306,51;0954
Rascafría;2020/06/23 07:00:00;;0;;0;6;360,58;1202
El Boalo;2020/06/23 07:00:00;;0;;13,32;47;626;0231
Majadahonda;2020/06/23 07:00:00;;2,78;8;11,14;630;877,12;0800
Batres;2020/06/23 07:00:00;;0;;0;10;593,82;0170
Alcobendas;2020/06/23 07:00:00;;2,56;8;6,84;893;762,99;0066
Alcalá de Henares;2020/06/23 07:00:00;;2,56;34;17,38;2523;1289,55;0053
Colmenar Viejo;2020/06/23 07:00:00;8;15,76;14;27,59;506;997,01;0455
San Fernando de Henares;2020/06/23 07:00:00;;5,07;;10,14;446;1131,06;1300
Villalbilla;2020/06/23 07:00:00;;0;;0;94;677,33;1723
El Escorial;2020/06/23 07:00:00;;0;;6,19;147;909,54;0549
Colmenar del Arroyo;2020/06/23 07:00:00;;0;;0;53;3072,46;0421
Torrejón de Ardoz;2020/06/23 07:00:00;7;5,33;18;13,7;1127;857,84;1489
Piñuécar-Gandullas;2020/06/23 07:00:00;;0;;0;;0;1147
Brea de Tajo;2020/06/23 07:00:00;;190,84;;190,84;8;1526,72;0259
El Molar;2020/06/23 07:00:00;;0;;0;41;458,72;0869
Belmonte de Tajo;2020/06/23 07:00:00;;0;;0;;300,48;0199
Torres de la Alameda;2020/06/23 07:00:00;;25,71;10;128,55;90;1156,96;1548
Somosierra;2020/06/23 07:00:00;;0;;0;;2325,58;1436
Alpedrete;2020/06/23 07:00:00;;0;;13,72;151;1036,02;0105
Orusco de Tajuña;2020/06/23 07:00:00;;0;;0;24;1929,26;1028
La Hiruela;2020/06/23 07:00:00;;0;;0;;3508,77;0698
Cervera de Buitrago;2020/06/23 07:00:00;;0;;0;;2000;0395
Getafe;2020/06/23 07:00:00;10;5,45;71;38,72;1608;876,9;0650
Ribatejada;2020/06/23 07:00:00;;0;;0;;255,43;1224
Villaconejos;2020/06/23 07:00:00;;0;;0;9;265,64;1701
Valdetorres de Jarama;2020/06/23 07:00:00;;0;;0;18;400,27;1646
Madrid-Retiro;2020/06/16 07:00:00;19;15,92;57;47,77;1660;1391,25;079603
Madrid-Salamanca;2020/06/16 07:00:00;;1,37;16;10,95;1757;1202,57;079604
Madrid-Centro;2020/06/16 07:00:00;25;18,54;41;30,4;1257;932,16;079601
Madrid-Arganzuela;2020/06/16 07:00:00;11;7,15;28;18,21;1750;1137,82;079602
Madrid-Chamartín;2020/06/16 07:00:00;6;4,11;24;16,46;1795;1230,72;079605
Madrid-Tetuán;2020/06/16 07:00:00;6;3,8;26;16,45;2226;1408,66;079606
Madrid-Chamberí;2020/06/16 07:00:00;14;10,04;38;27,26;1725;1237,63;079607
Madrid-Fuencarral-El Pardo;2020/06/16 07:00:00;19;7,73;62;25,21;3275;1331,63;079608
Madrid-Moncloa-Aravaca;2020/06/16 07:00:00;6;5,02;29;24,28;1549;1297,11;079609
Madrid-Latina;2020/06/16 07:00:00;21;8,82;63;26,45;3018;1266,91;079610
Madrid-Carabanchel;2020/06/16 07:00:00;17;6,72;52;20,55;2910;1149,75;079611
Madrid-Usera;2020/06/16 07:00:00;11;7,87;24;17,17;1482;1060,53;079612
Madrid-Puente de Vallecas;2020/06/16 07:00:00;19;8,09;77;32,79;3279;1396,17;079613
Madrid-San Blas - Canillejas;2020/06/16 07:00:00;12;7,59;38;24,03;1570;992,78;079620
Madrid-Barajas;2020/06/16 07:00:00;;6,13;9;18,39;460;939,83;079621
Madrid-Moratalaz;2020/06/16 07:00:00;13;13,75;71;75,08;1489;1574,5;079614
Madrid-Ciudad Lineal;2020/06/16 07:00:00;8;3,7;48;22,19;2394;1106,88;079615
Madrid-Hortaleza;2020/06/16 07:00:00;8;4,25;30;15,94;1882;1000,07;079616
Madrid-Villaverde;2020/06/16 07:00:00;19;12,76;53;35,58;1541;1034,6;079617
Madrid-Villa de Vallecas;2020/06/16 07:00:00;9;8,15;27;24,46;1295;1173,38;079618
Madrid-Vicálvaro;2020/06/16 07:00:00;;6,94;23;31,9;905;1255,36;079619
Pozuelo de Alarcón;2020/06/16 07:00:00;;0;;4,63;857;991,65;1150
Alcorcón;2020/06/16 07:00:00;;0,59;10;5,86;1946;1141,26;0072
Navalcarnero;2020/06/16 07:00:00;;10,24;;17,07;223;761,14;0967
San Agustín del Guadalix;2020/06/16 07:00:00;;7,47;;22,42;85;635,32;1296
Las Rozas de Madrid;2020/06/16 07:00:00;;1,04;8;8,35;867;904,88;1277
Moraleja de Enmedio;2020/06/16 07:00:00;;0;;19,47;30;584,11;0894
Valdaracete;2020/06/16 07:00:00;;0;;0;7;1149,43;1551
Pozuelo del Rey;2020/06/16 07:00:00;;0;;0;;261,55;1163
Puebla de la Sierra;2020/06/16 07:00:00;;0;;0;;0;1185
Perales de Tajuña;2020/06/16 07:00:00;;0;;0;11;374,79;1104
Valdemorillo;2020/06/16 07:00:00;;0;;7,99;52;415,4;1603
Navalafuente;2020/06/16 07:00:00;;0;;0;8;552,1;0941
Velilla de San Antonio;2020/06/16 07:00:00;;0;;0;77;629,29;1678
Villanueva de la Cañada;2020/06/16 07:00:00;;0;;0;173;806,71;1760
Villanueva del Pardillo;2020/06/16 07:00:00;;0;;5,82;113;657,74;1776
Nuevo Baztán;2020/06/16 07:00:00;;15,93;;15,93;33;525,81;1006
Villamantilla;2020/06/16 07:00:00;;0;;0;8;555,17;1757
Villamanta;2020/06/16 07:00:00;;0;;39,14;18;704,5;1744
Cabanillas de la Sierra;2020/06/16 07:00:00;;0;;0;10;1322,75;0297
Cenicientos;2020/06/16 07:00:00;;0;;0;34;1672,41;0376
Puentes Viejas;2020/06/16 07:00:00;;0;;0;;294,55;9020
Aranjuez;2020/06/16 07:00:00;;5,03;8;13,42;476;798,56;0133
Cercedilla;2020/06/16 07:00:00;;0;;14,23;124;1764,87;0382
Santorcaz;2020/06/16 07:00:00;;0;;0;7;790,07;1369
Coslada;2020/06/16 07:00:00;;3,67;17;20,82;868;1062,93;0493
Morata de Tajuña;2020/06/16 07:00:00;;26,03;13;169,2;111;1444,75;0915
Robregordo;2020/06/16 07:00:00;;0;;0;;0;1261
Navarredonda y San Mamés;2020/06/16 07:00:00;;0;;0;;775,19;0973
Venturada;2020/06/16 07:00:00;;0;;0;;138,7;1697
Navacerrada;2020/06/16 07:00:00;;0;;0;19;639,3;0936
Montejo de la Sierra;2020/06/16 07:00:00;;0;;0;;283,29;0881
Fresno de Torote;2020/06/16 07:00:00;;0;;0;14;630,35;0571
Pinilla del Valle;2020/06/16 07:00:00;;0;;0;;0;1126
Valdemaqueda;2020/06/16 07:00:00;;0;;0;;640,2;1599
Navas del Rey;2020/06/16 07:00:00;;0;;34,27;82;2810,14;0992
Olmeda de las Fuentes;2020/06/16 07:00:00;;0;;0;;862,07;1013
Bustarviejo;2020/06/16 07:00:00;;0;;39,95;11;439,47;0284
Becerril de la Sierra;2020/06/16 07:00:00;;0;;0;35;612,53;0186
Fuenlabrada;2020/06/16 07:00:00;11;5,68;32;16,52;1682;868,35;0587
Garganta de los Montes;2020/06/16 07:00:00;;0;;0;;288,18;0626
Pinto;2020/06/16 07:00:00;;5,71;19;36,17;338;643,49;1132
Alameda del Valle;2020/06/16 07:00:00;;0;;0;;0;0035
Berzosa del Lozoya;2020/06/16 07:00:00;;0;;0;;975,61;0203
Los Santos de la Humosa;2020/06/16 07:00:00;;0;;38,61;21;810,81;1375
El Álamo;2020/06/16 07:00:00;;21,12;7;73,92;110;1161,56;0040
Pelayos de la Presa;2020/06/16 07:00:00;;0;;0;19;731,9;1090
Galapagar;2020/06/16 07:00:00;;0;;8,89;295;874,28;0611
Griñón;2020/06/16 07:00:00;;9,69;;29,07;112;1085,38;0663
Gargantilla del Lozoya y Pinilla de Buitrago;2020/06/16 07:00:00;;0;;0;;949,37;0632
Aldea del Fresno;2020/06/16 07:00:00;;0;;35,24;62;2184,64;0088
Carabaña;2020/06/16 07:00:00;;0;;0;14;696,52;0357
Talamanca de Jarama;2020/06/16 07:00:00;;0;;0;65;1685,25;1454
Chapinería;2020/06/16 07:00:00;;0;;0;8;343,64;0513
Ciempozuelos;2020/06/16 07:00:00;;8,13;12;48,8;277;1126,38;0409
Ajalvir;2020/06/16 07:00:00;;0;;0;35;742,78;0029
San Lorenzo de El Escorial;2020/06/16 07:00:00;;0;;0;149;811,15;1317
Gascones;2020/06/16 07:00:00;;0;;0;;0;0647
San Martín de la Vega;2020/06/16 07:00:00;;5,22;;15,65;104;542,51;1322
Móstoles;2020/06/16 07:00:00;19;9,08;52;24,86;2306;1102,38;0920
Leganés;2020/06/16 07:00:00;22;11,59;98;51,62;3322;1749,7;0745
Braojos;2020/06/16 07:00:00;;0;;0;;975,61;0246
Cubas de la Sagra;2020/06/16 07:00:00;;15,59;;62,37;34;530,17;0506
Algete;2020/06/16 07:00:00;;4,85;6;29,11;135;654,99;0091
Mejorada del Campo;2020/06/16 07:00:00;;0;;0;193;829,25;0843
Loeches;2020/06/16 07:00:00;;11,38;;22,75;52;591,51;0758
Parla;2020/06/16 07:00:00;;0,77;24;18,44;824;633,24;1065
Fuentidueña de Tajo;2020/06/16 07:00:00;;0;;0;19;925,47;0604
Ambite;2020/06/16 07:00:00;;0;;0;7;1182,43;0112
Torremocha de Jarama;2020/06/16 07:00:00;;98,14;;98,14;16;1570,17;1533
Anchuelo;2020/06/16 07:00:00;;0;;0;8;629,43;0127
Los Molinos;2020/06/16 07:00:00;;0;;45,57;55;1253,13;0875
Soto del Real;2020/06/16 07:00:00;;0;;11,36;76;863,73;1441
Valverde de Alcalá;2020/06/16 07:00:00;;0;;0;8;1720,43;1662
Fuente el Saz de Jarama;2020/06/16 07:00:00;;0;;0;40;597,37;0590
Horcajo de la Sierra-Aoslos;2020/06/16 07:00:00;;0;;689,66;;2758,62;0702
Valdeolmos-Alalpardo;2020/06/16 07:00:00;;0;;0;11;265,96;1625
Campo Real;2020/06/16 07:00:00;;0;;32,21;31;499,19;0339
Valdeavero;2020/06/16 07:00:00;;0;;0;10;643,5;1564
Villamanrique de Tajo;2020/06/16 07:00:00;;0;;0;;568,99;1739
Cobeña;2020/06/16 07:00:00;;0;;26,93;88;1184,71;0416
Fresnedillas de la Oliva;2020/06/16 07:00:00;;0;;0;9;572,52;0565
Valdilecha;2020/06/16 07:00:00;;0;;34,09;20;681,9;1659
El Berrueco;2020/06/16 07:00:00;;0;;0;8;1052,63;0210
Pezuela de las Torres;2020/06/16 07:00:00;;0;;0;;237,53;1111
Villar del Olmo;2020/06/16 07:00:00;;99,45;;149,18;7;348,09;1795
Guadarrama;2020/06/16 07:00:00;;6,24;;18,71;234;1459,58;0685
San Martín de Valdeiglesias;2020/06/16 07:00:00;;0;;11,82;100;1182,17;1338
Torrelodones;2020/06/16 07:00:00;;0;;21,08;360;1517,9;1527
Boadilla del Monte;2020/06/16 07:00:00;;0;;9,16;396;725,67;0225
Torrejón de Velasco;2020/06/16 07:00:00;;0;;22,82;23;524,87;1505
Villanueva de Perales;2020/06/16 07:00:00;;0;;0;;319,9;1782
Tielmes;2020/06/16 07:00:00;;0;;0;36;1358,49;1467
San Sebastián de los Reyes;2020/06/16 07:00:00;;4,48;25;28;623;697,84;1343
Guadalix de la Sierra;2020/06/16 07:00:00;;0;;0;53;852,91;0679
Humanes de Madrid;2020/06/16 07:00:00;;0;6;30,39;138;698,98;0730
Chinchón;2020/06/16 07:00:00;;0;;18,76;31;581,5;0528
Cadalso de los Vidrios;2020/06/16 07:00:00;;0;;0;15;493,58;0318
Hoyo de Manzanares;2020/06/16 07:00:00;;11,86;;23,71;44;521,7;0724
Torrejón de la Calzada;2020/06/16 07:00:00;;0;;0;41;462,13;1492
Estremera;2020/06/16 07:00:00;;0;;0;10;793,65;0552
Corpa;2020/06/16 07:00:00;;0;;0;6;841,51;0480
Meco;2020/06/16 07:00:00;;6,99;;6,99;145;1013,63;0838
Madarcos;2020/06/16 07:00:00;;0;;0;;0;0783
Zarzalejo;2020/06/16 07:00:00;;0;;0;43;2593,49;1837
Arganda del Rey;2020/06/16 07:00:00;;1,81;;9,03;374;675,22;0148
Collado Mediano;2020/06/16 07:00:00;;0;;0;33;474,27;0468
Daganzo de Arriba;2020/06/16 07:00:00;;0;;9,8;46;450,76;0534
Manzanares El Real;2020/06/16 07:00:00;;11,31;;33,94;48;542,99;0822
Buitrago del Lozoya;2020/06/16 07:00:00;;0;;0;16;849,26;0278
Valdelaguna;2020/06/16 07:00:00;;0;;0;;106,72;1570
Valdepiélagos;2020/06/16 07:00:00;;0;;0;;0;1631
Casarrubuelos;2020/06/16 07:00:00;;0;;0;11;291,16;0360
Miraflores de la Sierra;2020/06/16 07:00:00;;0;;0;39;638,51;0856
Paracuellos de Jarama;2020/06/16 07:00:00;;3,96;;15,83;81;320,55;1049
El Vellón;2020/06/16 07:00:00;;0;;0;14;715,02;1684
Lozoya;2020/06/16 07:00:00;;0;;0;;172,12;0761
Collado Villalba;2020/06/16 07:00:00;;6,28;18;28,27;566;888,83;0474
Colmenarejo;2020/06/16 07:00:00;;0;;0;50;547,65;0442
Villavieja del Lozoya;2020/06/16 07:00:00;;0;;0;;0;1821
Prádena del Rincón;2020/06/16 07:00:00;;0;;0;;0;1179
La Cabrera;2020/06/16 07:00:00;;0;;0;12;449,94;0301
Sevilla la Nueva;2020/06/16 07:00:00;;21,46;;42,93;154;1652,72;1415
La Acebeda;2020/06/16 07:00:00;;0;;0;;0;0014
Redueña;2020/06/16 07:00:00;;0;;0;;769,23;1219
Robledillo de la Jara;2020/06/16 07:00:00;;0;;0;;1250;1245
La Serna del Monte;2020/06/16 07:00:00;;0;;0;;0;1381
Colmenar de Oreja;2020/06/16 07:00:00;;0;;0;28;348,61;0437
Rozas de Puerto Real;2020/06/16 07:00:00;;0;;0;;943,4;1283
Valdemanco;2020/06/16 07:00:00;;0;;0;;218,82;1586
Brunete;2020/06/16 07:00:00;;0;;9,31;118;1099,11;0262
Titulcia;2020/06/16 07:00:00;;0;;0;9;685,45;1473
Villa del Prado;2020/06/16 07:00:00;;15,34;;30,67;135;2070,55;1718
Lozoyuela-Navas-Sieteiglesias;2020/06/16 07:00:00;;0;;0;;230,95;9015
Quijorna;2020/06/16 07:00:00;;0;;0;34;988,66;1198
Valdemoro;2020/06/16 07:00:00;9;11,84;19;25,01;881;1159,47;1610
Tres Cantos;2020/06/16 07:00:00;;0;;10,48;455;953,44;9036
Torrelaguna;2020/06/16 07:00:00;;0;;0;26;546,22;1512
Rivas-Vaciamadrid;2020/06/16 07:00:00;;4,54;15;17,02;613;695,41;1230
El Atazar;2020/06/16 07:00:00;;0;;0;;0;0164
Pedrezuela;2020/06/16 07:00:00;;16,97;;50,92;36;611;1087
Santa María de la Alameda;2020/06/16 07:00:00;;0;;0;7;558,21;1356
Horcajuelo de la Sierra;2020/06/16 07:00:00;;0;;0;;0;0719
Arroyomolinos;2020/06/16 07:00:00;;6,37;;12,74;197;627,47;0151
Moralzarzal;2020/06/16 07:00:00;;7,68;;15,35;80;614,16;0908
Canencia;2020/06/16 07:00:00;;0;;0;;671,14;0344
Villarejo de Salvanés;2020/06/16 07:00:00;;13,63;;40,9;42;572,6;1809
Serranillos del Valle;2020/06/16 07:00:00;;0;;0;39;936,37;1408
Villaviciosa de Odón;2020/06/16 07:00:00;;0;;7,19;231;829,89;1816
Camarma de Esteruelas;2020/06/16 07:00:00;;13,63;;27,26;46;627,04;0323
Robledo de Chavela;2020/06/16 07:00:00;;0;;23,42;30;702,58;1258
Patones;2020/06/16 07:00:00;;0;;0;15;2772,64;1071
Navalagamella;2020/06/16 07:00:00;;0;;0;8;306,51;0954
Rascafría;2020/06/16 07:00:00;;0;;0;6;360,58;1202
El Boalo;2020/06/16 07:00:00;;0;;13,32;47;626;0231
Majadahonda;2020/06/16 07:00:00;;2,78;11;15,31;628;874,34;0800
Batres;2020/06/16 07:00:00;;0;;0;10;593,82;0170
Alcobendas;2020/06/16 07:00:00;;1,71;15;12,82;889;759,57;0066
Alcalá de Henares;2020/06/16 07:00:00;8;4,09;45;23;2514;1284,95;0053
Colmenar Viejo;2020/06/16 07:00:00;9;17,73;14;27,59;503;991,09;0455
San Fernando de Henares;2020/06/16 07:00:00;;7,61;;12,68;444;1125,99;1300
Villalbilla;2020/06/16 07:00:00;;0;;0;94;677,33;1723
El Escorial;2020/06/16 07:00:00;;0;;12,37;146;903,35;0549
Colmenar del Arroyo;2020/06/16 07:00:00;;0;;0;53;3072,46;0421
Torrejón de Ardoz;2020/06/16 07:00:00;8;6,09;46;35,01;1119;851,75;1489
Piñuécar-Gandullas;2020/06/16 07:00:00;;0;;0;;0;1147
Brea de Tajo;2020/06/16 07:00:00;;381,68;;381,68;8;1526,72;0259
El Molar;2020/06/16 07:00:00;;0;;11,19;41;458,72;0869
Belmonte de Tajo;2020/06/16 07:00:00;;0;;0;;300,48;0199
Torres de la Alameda;2020/06/16 07:00:00;;12,86;9;115,7;89;1144,11;1548
Somosierra;2020/06/16 07:00:00;;0;;0;;2325,58;1436
Alpedrete;2020/06/16 07:00:00;;0;;6,86;149;1022,3;0105
Orusco de Tajuña;2020/06/16 07:00:00;;0;;0;24;1929,26;1028
La Hiruela;2020/06/16 07:00:00;;0;;0;;3508,77;0698
Cervera de Buitrago;2020/06/16 07:00:00;;0;;0;;2000;0395
Getafe;2020/06/16 07:00:00;12;6,54;81;44,17;1569;855,63;0650
Ribatejada;2020/06/16 07:00:00;;0;;0;;255,43;1224
Villaconejos;2020/06/16 07:00:00;;0;;0;9;265,64;1701
Valdetorres de Jarama;2020/06/16 07:00:00;;0;;0;18;400,27;1646
Madrid-Retiro;2020/06/09 07:00:00;26;21,79;63;52,8;1634;1369,46;079603
Madrid-Salamanca;2020/06/09 07:00:00;;1,37;16;10,95;1746;1195,04;079604
Madrid-Centro;2020/06/09 07:00:00;20;14,83;37;27,44;1236;916,59;079601
Madrid-Arganzuela;2020/06/09 07:00:00;6;3,9;57;37,06;1731;1125,47;079602
Madrid-Chamartín;2020/06/09 07:00:00;10;6,86;39;26,74;1785;1223,87;079605
Madrid-Tetuán;2020/06/09 07:00:00;7;4,43;31;19,62;2215;1401,69;079606
Madrid-Chamberí;2020/06/09 07:00:00;17;12,2;45;32,29;1708;1225,44;079607
Madrid-Fuencarral-El Pardo;2020/06/09 07:00:00;11;4,47;49;19,92;3234;1314,96;079608
Madrid-Moncloa-Aravaca;2020/06/09 07:00:00;7;5,86;28;23,45;1533;1283,72;079609
Madrid-Latina;2020/06/09 07:00:00;27;11,33;86;36,1;2982;1251,79;079610
Madrid-Carabanchel;2020/06/09 07:00:00;19;7,51;80;31,61;2883;1139,08;079611
Madrid-Usera;2020/06/09 07:00:00;9;6,44;24;17,17;1469;1051,23;079612
Madrid-Puente de Vallecas;2020/06/09 07:00:00;24;10,22;88;37,47;3242;1380,41;079613
Madrid-San Blas - Canillejas;2020/06/09 07:00:00;10;6,32;33;20,87;1556;983,93;079620
Madrid-Barajas;2020/06/09 07:00:00;;4,09;7;14,3;455;929,61;079621
Madrid-Moratalaz;2020/06/09 07:00:00;20;21,15;87;92;1462;1545,94;079614
Madrid-Ciudad Lineal;2020/06/09 07:00:00;11;5,09;51;23,58;2373;1097,17;079615
Madrid-Hortaleza;2020/06/09 07:00:00;7;3,72;41;21,79;1871;994,22;079616
Madrid-Villaverde;2020/06/09 07:00:00;14;9,4;50;33,57;1521;1021,18;079617
Madrid-Villa de Vallecas;2020/06/09 07:00:00;11;9,97;29;26,28;1283;1162,51;079618
Madrid-Vicálvaro;2020/06/09 07:00:00;9;12,48;21;29,13;894;1240,1;079619
Pozuelo de Alarcón;2020/06/09 07:00:00;6;6,94;16;18,51;856;990,49;1150
Alcorcón;2020/06/09 07:00:00;;2,35;25;14,66;1943;1139,5;0072
Navalcarnero;2020/06/09 07:00:00;6;20,48;33;112,64;221;754,32;0967
San Agustín del Guadalix;2020/06/09 07:00:00;;14,95;7;52,32;85;635,32;1296
Las Rozas de Madrid;2020/06/09 07:00:00;;0;6;6,26;858;895,49;1277
Moraleja de Enmedio;2020/06/09 07:00:00;;0;;38,94;30;584,11;0894
Valdaracete;2020/06/09 07:00:00;;0;;0;7;1149,43;1551
Pozuelo del Rey;2020/06/09 07:00:00;;0;;87,18;;261,55;1163
Puebla de la Sierra;2020/06/09 07:00:00;;0;;0;;0;1185
Perales de Tajuña;2020/06/09 07:00:00;;0;;0;11;374,79;1104
Valdemorillo;2020/06/09 07:00:00;;0;;7,99;52;415,4;1603
Navalafuente;2020/06/09 07:00:00;;0;;69,01;8;552,1;0941
Velilla de San Antonio;2020/06/09 07:00:00;;0;;0;77;629,29;1678
Villanueva de la Cañada;2020/06/09 07:00:00;;9,33;7;32,64;173;806,71;1760
Villanueva del Pardillo;2020/06/09 07:00:00;;0;;5,82;112;651,92;1776
Nuevo Baztán;2020/06/09 07:00:00;;15,93;;47,8;33;525,81;1006
Villamantilla;2020/06/09 07:00:00;;0;;0;8;555,17;1757
Villamanta;2020/06/09 07:00:00;;0;;0;16;626,22;1744
Cabanillas de la Sierra;2020/06/09 07:00:00;;0;;0;10;1322,75;0297
Cenicientos;2020/06/09 07:00:00;;49,19;;49,19;34;1672,41;0376
Puentes Viejas;2020/06/09 07:00:00;;0;;0;;294,55;9020
Aranjuez;2020/06/09 07:00:00;;5,03;;8,39;472;791,85;0133
Cercedilla;2020/06/09 07:00:00;;14,23;;14,23;123;1750,64;0382
Santorcaz;2020/06/09 07:00:00;;0;;0;7;790,07;1369
Coslada;2020/06/09 07:00:00;;4,9;24;29,39;863;1056,81;0493
Morata de Tajuña;2020/06/09 07:00:00;;26,03;9;117,14;106;1379,67;0915
Robregordo;2020/06/09 07:00:00;;0;;0;;0;1261
Navarredonda y San Mamés;2020/06/09 07:00:00;;0;;0;;775,19;0973
Venturada;2020/06/09 07:00:00;;0;;0;;138,7;1697
Navacerrada;2020/06/09 07:00:00;;0;;33,65;19;639,3;0936
Montejo de la Sierra;2020/06/09 07:00:00;;0;;0;;283,29;0881
Fresno de Torote;2020/06/09 07:00:00;;0;;0;14;630,35;0571
Pinilla del Valle;2020/06/09 07:00:00;;0;;0;;0;1126
Valdemaqueda;2020/06/09 07:00:00;;0;;0;;640,2;1599
Navas del Rey;2020/06/09 07:00:00;;0;;68,54;82;2810,14;0992
Olmeda de las Fuentes;2020/06/09 07:00:00;;0;;0;;862,07;1013
Bustarviejo;2020/06/09 07:00:00;;0;;39,95;11;439,47;0284
Becerril de la Sierra;2020/06/09 07:00:00;;0;;35;35;612,53;0186
Fuenlabrada;2020/06/09 07:00:00;8;4,13;26;13,42;1659;856,48;0587
Garganta de los Montes;2020/06/09 07:00:00;;0;;0;;288,18;0626
Pinto;2020/06/09 07:00:00;;5,71;24;45,69;328;624,45;1132
Alameda del Valle;2020/06/09 07:00:00;;0;;0;;0;0035
Berzosa del Lozoya;2020/06/09 07:00:00;;0;;0;;975,61;0203
Los Santos de la Humosa;2020/06/09 07:00:00;;0;;38,61;21;810,81;1375
El Álamo;2020/06/09 07:00:00;;21,12;;42,24;104;1098,2;0040
Pelayos de la Presa;2020/06/09 07:00:00;;0;;0;19;731,9;1090
Galapagar;2020/06/09 07:00:00;;0;;8,89;294;871,32;0611
Griñón;2020/06/09 07:00:00;;9,69;;29,07;111;1075,69;0663
Gargantilla del Lozoya y Pinilla de Buitrago;2020/06/09 07:00:00;;0;;0;;949,37;0632
Aldea del Fresno;2020/06/09 07:00:00;;0;;35,24;61;2149,4;0088
Carabaña;2020/06/09 07:00:00;;0;;0;14;696,52;0357
Talamanca de Jarama;2020/06/09 07:00:00;;0;;0;65;1685,25;1454
Chapinería;2020/06/09 07:00:00;;42,96;;42,96;8;343,64;0513
Ciempozuelos;2020/06/09 07:00:00;;8,13;;12,2;267;1085,72;0409
Ajalvir;2020/06/09 07:00:00;;0;;0;35;742,78;0029
San Lorenzo de El Escorial;2020/06/09 07:00:00;;5,44;;10,89;149;811,15;1317
Gascones;2020/06/09 07:00:00;;0;;0;;0;0647
San Martín de la Vega;2020/06/09 07:00:00;;0;;10,43;102;532,08;1322
Móstoles;2020/06/09 07:00:00;24;11,47;63;30,12;2274;1087,08;0920
Leganés;2020/06/09 07:00:00;28;14,75;104;54,78;3275;1724,95;0745
Braojos;2020/06/09 07:00:00;;0;;0;;975,61;0246
Cubas de la Sagra;2020/06/09 07:00:00;;0;;0;30;467,8;0506
Algete;2020/06/09 07:00:00;;19,41;11;53,37;134;650,14;0091
Mejorada del Campo;2020/06/09 07:00:00;;4,3;;4,3;193;829,25;0843
Loeches;2020/06/09 07:00:00;;11,38;;11,38;51;580,14;0758
Parla;2020/06/09 07:00:00;;3,07;31;23,82;816;627,09;1065
Fuentidueña de Tajo;2020/06/09 07:00:00;;0;;48,71;19;925,47;0604
Ambite;2020/06/09 07:00:00;;0;;0;7;1182,43;0112
Torremocha de Jarama;2020/06/09 07:00:00;;98,14;8;785,08;16;1570,17;1533
Anchuelo;2020/06/09 07:00:00;;0;;0;8;629,43;0127
Los Molinos;2020/06/09 07:00:00;;0;;22,78;54;1230,35;0875
Soto del Real;2020/06/09 07:00:00;;11,36;;22,73;76;863,73;1441
Valverde de Alcalá;2020/06/09 07:00:00;;0;;0;8;1720,43;1662
Fuente el Saz de Jarama;2020/06/09 07:00:00;;0;;0;40;597,37;0590
Horcajo de la Sierra-Aoslos;2020/06/09 07:00:00;;0;;689,66;;2758,62;0702
Valdeolmos-Alalpardo;2020/06/09 07:00:00;;0;;0;11;265,96;1625
Campo Real;2020/06/09 07:00:00;;0;;32,21;30;483,09;0339
Valdeavero;2020/06/09 07:00:00;;0;;0;10;643,5;1564
Villamanrique de Tajo;2020/06/09 07:00:00;;0;;0;;568,99;1739
Cobeña;2020/06/09 07:00:00;;0;;26,93;88;1184,71;0416
Fresnedillas de la Oliva;2020/06/09 07:00:00;;0;;0;9;572,52;0565
Valdilecha;2020/06/09 07:00:00;;0;;0;19;647,8;1659
El Berrueco;2020/06/09 07:00:00;;0;;0;8;1052,63;0210
Pezuela de las Torres;2020/06/09 07:00:00;;0;;0;;237,53;1111
Villar del Olmo;2020/06/09 07:00:00;;0;;0;;198,91;1795
Guadarrama;2020/06/09 07:00:00;;12,48;;18,71;233;1453,34;0685
San Martín de Valdeiglesias;2020/06/09 07:00:00;;11,82;;35,47;100;1182,17;1338
Torrelodones;2020/06/09 07:00:00;;0;;16,87;359;1513,68;1527
Boadilla del Monte;2020/06/09 07:00:00;;3,67;7;12,83;395;723,84;0225
Torrejón de Velasco;2020/06/09 07:00:00;;0;;45,64;22;502,05;1505
Villanueva de Perales;2020/06/09 07:00:00;;0;;0;;319,9;1782
Tielmes;2020/06/09 07:00:00;;0;;37,74;36;1358,49;1467
San Sebastián de los Reyes;2020/06/09 07:00:00;7;7,84;21;23,52;608;681,03;1343
Guadalix de la Sierra;2020/06/09 07:00:00;;0;;16,09;53;852,91;0679
Humanes de Madrid;2020/06/09 07:00:00;;0;10;50,65;136;688,85;0730
Chinchón;2020/06/09 07:00:00;;0;;37,52;31;581,5;0528
Cadalso de los Vidrios;2020/06/09 07:00:00;;98,72;;131,62;15;493,58;0318
Hoyo de Manzanares;2020/06/09 07:00:00;;11,86;;23,71;44;521,7;0724
Torrejón de la Calzada;2020/06/09 07:00:00;;11,27;;11,27;41;462,13;1492
Estremera;2020/06/09 07:00:00;;0;;0;10;793,65;0552
Corpa;2020/06/09 07:00:00;;0;;0;6;841,51;0480
Meco;2020/06/09 07:00:00;;6,99;;20,97;145;1013,63;0838
Madarcos;2020/06/09 07:00:00;;0;;0;;0;0783
Zarzalejo;2020/06/09 07:00:00;;0;;0;43;2593,49;1837
Arganda del Rey;2020/06/09 07:00:00;;0;;7,22;370;668;0148
Collado Mediano;2020/06/09 07:00:00;;0;;0;33;474,27;0468
Daganzo de Arriba;2020/06/09 07:00:00;;0;;0;45;440,96;0534
Manzanares El Real;2020/06/09 07:00:00;;0;;11,31;46;520,36;0822
Buitrago del Lozoya;2020/06/09 07:00:00;;0;;0;16;849,26;0278
Valdelaguna;2020/06/09 07:00:00;;0;;0;;106,72;1570
Valdepiélagos;2020/06/09 07:00:00;;0;;0;;0;1631
Casarrubuelos;2020/06/09 07:00:00;;0;;0;11;291,16;0360
Miraflores de la Sierra;2020/06/09 07:00:00;;0;;0;39;638,51;0856
Paracuellos de Jarama;2020/06/09 07:00:00;;0;;7,91;79;312,64;1049
El Vellón;2020/06/09 07:00:00;;0;;0;14;715,02;1684
Lozoya;2020/06/09 07:00:00;;0;;0;;172,12;0761
Collado Villalba;2020/06/09 07:00:00;;4,71;15;23,56;558;876,27;0474
Colmenarejo;2020/06/09 07:00:00;;0;;0;50;547,65;0442
Villavieja del Lozoya;2020/06/09 07:00:00;;0;;0;;0;1821
Prádena del Rincón;2020/06/09 07:00:00;;0;;0;;0;1179
La Cabrera;2020/06/09 07:00:00;;0;;0;12;449,94;0301
Sevilla la Nueva;2020/06/09 07:00:00;;32,2;9;96,59;154;1652,72;1415
La Acebeda;2020/06/09 07:00:00;;0;;0;;0;0014
Redueña;2020/06/09 07:00:00;;0;;0;;769,23;1219
Robledillo de la Jara;2020/06/09 07:00:00;;0;;0;;1250;1245
La Serna del Monte;2020/06/09 07:00:00;;0;;0;;0;1381
Colmenar de Oreja;2020/06/09 07:00:00;;0;;12,45;28;348,61;0437
Rozas de Puerto Real;2020/06/09 07:00:00;;377,36;;377,36;;943,4;1283
Valdemanco;2020/06/09 07:00:00;;0;;0;;218,82;1586
Brunete;2020/06/09 07:00:00;;0;;0;117;1089,79;0262
Titulcia;2020/06/09 07:00:00;;0;;0;9;685,45;1473
Villa del Prado;2020/06/09 07:00:00;;15,34;;76,69;135;2070,55;1718
Lozoyuela-Navas-Sieteiglesias;2020/06/09 07:00:00;;0;;0;;230,95;9015
Quijorna;2020/06/09 07:00:00;;0;;0;34;988,66;1198
Valdemoro;2020/06/09 07:00:00;;6,58;14;18,43;870;1144,99;1610
Tres Cantos;2020/06/09 07:00:00;;0;7;14,67;453;949,25;9036
Torrelaguna;2020/06/09 07:00:00;;0;;63,03;26;546,22;1512
Rivas-Vaciamadrid;2020/06/09 07:00:00;;4,54;14;15,88;608;689,73;1230
El Atazar;2020/06/09 07:00:00;;0;;0;;0;0164
Pedrezuela;2020/06/09 07:00:00;;33,94;;67,89;36;611;1087
Santa María de la Alameda;2020/06/09 07:00:00;;0;;0;7;558,21;1356
Horcajuelo de la Sierra;2020/06/09 07:00:00;;0;;0;;0;0719
Arroyomolinos;2020/06/09 07:00:00;;9,56;9;28,67;197;627,47;0151
Moralzarzal;2020/06/09 07:00:00;;7,68;;30,71;80;614,16;0908
Canencia;2020/06/09 07:00:00;;0;;0;;671,14;0344
Villarejo de Salvanés;2020/06/09 07:00:00;;0;;13,63;39;531,7;1809
Serranillos del Valle;2020/06/09 07:00:00;;0;;72,03;39;936,37;1408
Villaviciosa de Odón;2020/06/09 07:00:00;;3,59;;17,96;229;822,71;1816
Camarma de Esteruelas;2020/06/09 07:00:00;;0;;27,26;45;613,41;0323
Robledo de Chavela;2020/06/09 07:00:00;;0;;46,84;29;679,16;1258
Patones;2020/06/09 07:00:00;;0;;554,53;15;2772,64;1071
Navalagamella;2020/06/09 07:00:00;;0;;38,31;8;306,51;0954
Rascafría;2020/06/09 07:00:00;;0;;0;6;360,58;1202
El Boalo;2020/06/09 07:00:00;;0;;0;46;612,68;0231
Majadahonda;2020/06/09 07:00:00;;5,57;19;26,45;622;865,98;0800
Batres;2020/06/09 07:00:00;;0;;118,76;10;593,82;0170
Alcobendas;2020/06/09 07:00:00;;0,85;16;13,67;884;755,3;0066
Alcalá de Henares;2020/06/09 07:00:00;7;3,58;32;16,36;2489;1272,18;0053
Colmenar Viejo;2020/06/09 07:00:00;;1,97;8;15,76;492;969,42;0455
San Fernando de Henares;2020/06/09 07:00:00;;10,14;7;17,75;442;1120,92;1300
Villalbilla;2020/06/09 07:00:00;;0;;0;94;677,33;1723
El Escorial;2020/06/09 07:00:00;;0;;24,75;146;903,35;0549
Colmenar del Arroyo;2020/06/09 07:00:00;;0;;57,97;53;3072,46;0421
Torrejón de Ardoz;2020/06/09 07:00:00;10;7,61;61;46,43;1106;841,86;1489
Piñuécar-Gandullas;2020/06/09 07:00:00;;0;;0;;0;1147
Brea de Tajo;2020/06/09 07:00:00;;190,84;;190,84;7;1335,88;0259
El Molar;2020/06/09 07:00:00;;0;;11,19;41;458,72;0869
Belmonte de Tajo;2020/06/09 07:00:00;;0;;0;;300,48;0199
Torres de la Alameda;2020/06/09 07:00:00;;0;;0;80;1028,41;1548
Somosierra;2020/06/09 07:00:00;;0;;0;;2325,58;1436
Alpedrete;2020/06/09 07:00:00;;0;;20,58;149;1022,3;0105
Orusco de Tajuña;2020/06/09 07:00:00;;0;7;562,7;24;1929,26;1028
La Hiruela;2020/06/09 07:00:00;;0;;1754,39;;3508,77;0698
Cervera de Buitrago;2020/06/09 07:00:00;;0;;0;;2000;0395
Getafe;2020/06/09 07:00:00;17;9,27;67;36,54;1534;836,54;0650
Ribatejada;2020/06/09 07:00:00;;0;;0;;255,43;1224
Villaconejos;2020/06/09 07:00:00;;0;;0;9;265,64;1701
Valdetorres de Jarama;2020/06/09 07:00:00;;0;;0;18;400,27;1646
Madrid-Retiro;2020/06/02 07:00:00;24;20,11;56;46,93;1597;1338,45;079603
Madrid-Salamanca;2020/06/02 07:00:00;6;4,11;30;20,53;1740;1190,93;079604
Madrid-Centro;2020/06/02 07:00:00;9;6,67;27;20,02;1213;899,53;079601
Madrid-Arganzuela;2020/06/02 07:00:00;7;4,55;67;43,56;1717;1116,36;079602
Madrid-Chamartín;2020/06/02 07:00:00;9;6,17;43;29,48;1770;1213,58;079605
Madrid-Tetuán;2020/06/02 07:00:00;7;4,43;23;14,55;2198;1390,94;079606
Madrid-Chamberí;2020/06/02 07:00:00;10;7,17;39;27,98;1681;1206,06;079607
Madrid-Fuencarral-El Pardo;2020/06/02 07:00:00;12;4,88;50;20,33;3181;1293,41;079608
Madrid-Moncloa-Aravaca;2020/06/02 07:00:00;10;8,37;31;25,96;1519;1271,99;079609
Madrid-Latina;2020/06/02 07:00:00;39;16,37;108;45,34;2946;1236,68;079610
Madrid-Carabanchel;2020/06/02 07:00:00;23;9,09;91;35,95;2848;1125,25;079611
Madrid-Usera;2020/06/02 07:00:00;;3,58;25;17,89;1455;1041,21;079612
Madrid-Puente de Vallecas;2020/06/02 07:00:00;23;9,79;131;55,78;3199;1362,11;079613
Madrid-San Blas - Canillejas;2020/06/02 07:00:00;6;3,79;22;13,91;1531;968,12;079620
Madrid-Barajas;2020/06/02 07:00:00;;4,09;8;16,34;450;919,4;079621
Madrid-Moratalaz;2020/06/02 07:00:00;17;17,98;71;75,08;1416;1497,3;079614
Madrid-Ciudad Lineal;2020/06/02 07:00:00;13;6,01;44;20,34;2339;1081,45;079615
Madrid-Hortaleza;2020/06/02 07:00:00;11;5,85;43;22,85;1848;982;079616
Madrid-Villaverde;2020/06/02 07:00:00;6;4,03;26;17,46;1484;996,33;079617
Madrid-Villa de Vallecas;2020/06/02 07:00:00;7;6,34;28;25,37;1267;1148,01;079618
Madrid-Vicálvaro;2020/06/02 07:00:00;13;18,03;28;38,84;882;1223,45;079619
Pozuelo de Alarcón;2020/06/02 07:00:00;7;8,1;24;27,77;850;983,55;1150
Alcorcón;2020/06/02 07:00:00;10;5,86;42;24,63;1933;1133,63;0072
Navalcarnero;2020/06/02 07:00:00;6;20,48;29;98,98;212;723,6;0967
San Agustín del Guadalix;2020/06/02 07:00:00;;7,47;;37,37;82;612,9;1296
Las Rozas de Madrid;2020/06/02 07:00:00;;3,13;14;14,61;854;891,31;1277
Moraleja de Enmedio;2020/06/02 07:00:00;;0;;38,94;29;564,64;0894
Valdaracete;2020/06/02 07:00:00;;0;;164,2;7;1149,43;1551
Pozuelo del Rey;2020/06/02 07:00:00;;0;;87,18;;261,55;1163
Puebla de la Sierra;2020/06/02 07:00:00;;0;;0;;0;1185
Perales de Tajuña;2020/06/02 07:00:00;;0;;0;11;374,79;1104
Valdemorillo;2020/06/02 07:00:00;;0;;7,99;51;407,41;1603
Navalafuente;2020/06/02 07:00:00;;0;;69,01;8;552,1;0941
Velilla de San Antonio;2020/06/02 07:00:00;;0;;8,17;77;629,29;1678
Villanueva de la Cañada;2020/06/02 07:00:00;;13,99;11;51,29;173;806,71;1760
Villanueva del Pardillo;2020/06/02 07:00:00;;0;;17,46;112;651,92;1776
Nuevo Baztán;2020/06/02 07:00:00;;0;;47,8;32;509,88;1006
Villamantilla;2020/06/02 07:00:00;;69,4;;69,4;8;555,17;1757
Villamanta;2020/06/02 07:00:00;;0;;0;16;626,22;1744
Cabanillas de la Sierra;2020/06/02 07:00:00;;0;;0;10;1322,75;0297
Cenicientos;2020/06/02 07:00:00;;98,38;;98,38;34;1672,41;0376
Puentes Viejas;2020/06/02 07:00:00;;0;;0;;294,55;9020
Aranjuez;2020/06/02 07:00:00;6;10,07;7;11,74;468;785,14;0133
Cercedilla;2020/06/02 07:00:00;;14,23;;56,93;123;1750,64;0382
Santorcaz;2020/06/02 07:00:00;;0;;0;7;790,07;1369
Coslada;2020/06/02 07:00:00;;4,9;25;30,61;850;1040,89;0493
Morata de Tajuña;2020/06/02 07:00:00;;0;;13,02;98;1275,54;0915
Robregordo;2020/06/02 07:00:00;;0;;0;;0;1261
Navarredonda y San Mamés;2020/06/02 07:00:00;;0;;0;;775,19;0973
Venturada;2020/06/02 07:00:00;;0;;0;;138,7;1697
Navacerrada;2020/06/02 07:00:00;;0;;33,65;19;639,3;0936
Montejo de la Sierra;2020/06/02 07:00:00;;0;;0;;283,29;0881
Fresno de Torote;2020/06/02 07:00:00;;0;;0;14;630,35;0571
Pinilla del Valle;2020/06/02 07:00:00;;0;;0;;0;1126
Valdemaqueda;2020/06/02 07:00:00;;0;;0;;640,2;1599
Navas del Rey;2020/06/02 07:00:00;;34,27;;102,81;81;2775,87;0992
Olmeda de las Fuentes;2020/06/02 07:00:00;;0;;0;;862,07;1013
Bustarviejo;2020/06/02 07:00:00;;0;;39,95;10;399,52;0284
Becerril de la Sierra;2020/06/02 07:00:00;;0;;35;35;612,53;0186
Fuenlabrada;2020/06/02 07:00:00;10;5,16;28;14,46;1645;849,25;0587
Garganta de los Montes;2020/06/02 07:00:00;;0;;0;;288,18;0626
Pinto;2020/06/02 07:00:00;;7,62;18;34,27;314;597,8;1132
Alameda del Valle;2020/06/02 07:00:00;;0;;0;;0;0035
Berzosa del Lozoya;2020/06/02 07:00:00;;0;;0;;975,61;0203
Los Santos de la Humosa;2020/06/02 07:00:00;;0;;0;20;772,2;1375
El Álamo;2020/06/02 07:00:00;;31,68;6;63,36;102;1077,09;0040
Pelayos de la Presa;2020/06/02 07:00:00;;0;;0;19;731,9;1090
Galapagar;2020/06/02 07:00:00;;8,89;6;17,78;291;862,43;0611
Griñón;2020/06/02 07:00:00;;9,69;;19,38;109;1056,3;0663
Gargantilla del Lozoya y Pinilla de Buitrago;2020/06/02 07:00:00;;0;;0;;949,37;0632
Aldea del Fresno;2020/06/02 07:00:00;;0;;35,24;61;2149,4;0088
Carabaña;2020/06/02 07:00:00;;0;;0;14;696,52;0357
Talamanca de Jarama;2020/06/02 07:00:00;;0;;25,93;65;1685,25;1454
Chapinería;2020/06/02 07:00:00;;42,96;;42,96;8;343,64;0513
Ciempozuelos;2020/06/02 07:00:00;;12,2;11;44,73;265;1077,59;0409
Ajalvir;2020/06/02 07:00:00;;0;;0;35;742,78;0029
San Lorenzo de El Escorial;2020/06/02 07:00:00;;5,44;;27,22;149;811,15;1317
Gascones;2020/06/02 07:00:00;;0;;0;;0;0647
San Martín de la Vega;2020/06/02 07:00:00;;0;;26,08;101;526,86;1322
Móstoles;2020/06/02 07:00:00;22;10,52;65;31,07;2244;1072,74;0920
Leganés;2020/06/02 07:00:00;28;14,75;111;58,46;3222;1697,03;0745
Braojos;2020/06/02 07:00:00;;0;;0;;975,61;0246
Cubas de la Sagra;2020/06/02 07:00:00;;0;;0;30;467,8;0506
Algete;2020/06/02 07:00:00;;19,41;8;38,81;129;625,88;0091
Mejorada del Campo;2020/06/02 07:00:00;;8,59;;12,89;193;829,25;0843
Loeches;2020/06/02 07:00:00;;0;;0;50;568,76;0758
Parla;2020/06/02 07:00:00;;3,84;21;16,14;796;611,72;1065
Fuentidueña de Tajo;2020/06/02 07:00:00;;0;;97,42;19;925,47;0604
Ambite;2020/06/02 07:00:00;;0;;0;7;1182,43;0112
Torremocha de Jarama;2020/06/02 07:00:00;;0;7;686,95;15;1472,03;1533
Anchuelo;2020/06/02 07:00:00;;0;;0;8;629,43;0127
Los Molinos;2020/06/02 07:00:00;;0;;0;53;1207,56;0875
Soto del Real;2020/06/02 07:00:00;;11,36;;22,73;75;852,37;1441
Valverde de Alcalá;2020/06/02 07:00:00;;0;;0;8;1720,43;1662
Fuente el Saz de Jarama;2020/06/02 07:00:00;;14,93;;29,87;40;597,37;0590
Horcajo de la Sierra-Aoslos;2020/06/02 07:00:00;;0;;0;;2068,97;0702
Valdeolmos-Alalpardo;2020/06/02 07:00:00;;0;;0;11;265,96;1625
Campo Real;2020/06/02 07:00:00;;0;;32,21;29;466,99;0339
Valdeavero;2020/06/02 07:00:00;;0;;64,35;10;643,5;1564
Villamanrique de Tajo;2020/06/02 07:00:00;;0;;0;;568,99;1739
Cobeña;2020/06/02 07:00:00;;0;;13,46;86;1157,78;0416
Fresnedillas de la Oliva;2020/06/02 07:00:00;;0;;0;9;572,52;0565
Valdilecha;2020/06/02 07:00:00;;0;;0;19;647,8;1659
El Berrueco;2020/06/02 07:00:00;;0;;0;8;1052,63;0210
Pezuela de las Torres;2020/06/02 07:00:00;;0;;0;;237,53;1111
Villar del Olmo;2020/06/02 07:00:00;;0;;0;;198,91;1795
Guadarrama;2020/06/02 07:00:00;;6,24;6;37,43;231;1440,87;0685
San Martín de Valdeiglesias;2020/06/02 07:00:00;;23,64;;35,47;99;1170,35;1338
Torrelodones;2020/06/02 07:00:00;;0;;8,43;355;1496,82;1527
Boadilla del Monte;2020/06/02 07:00:00;;5,5;8;14,66;389;712,85;0225
Torrejón de Velasco;2020/06/02 07:00:00;;0;;45,64;22;502,05;1505
Villanueva de Perales;2020/06/02 07:00:00;;0;;0;;319,9;1782
Tielmes;2020/06/02 07:00:00;;0;;75,47;36;1358,49;1467
San Sebastián de los Reyes;2020/06/02 07:00:00;;5,6;17;19,04;596;667,59;1343
Guadalix de la Sierra;2020/06/02 07:00:00;;0;;16,09;53;852,91;0679
Humanes de Madrid;2020/06/02 07:00:00;;0;6;30,39;131;663,53;0730
Chinchón;2020/06/02 07:00:00;;18,76;;56,27;30;562,75;0528
Cadalso de los Vidrios;2020/06/02 07:00:00;;131,62;;164,53;15;493,58;0318
Hoyo de Manzanares;2020/06/02 07:00:00;;35,57;;47,43;42;497,98;0724
Torrejón de la Calzada;2020/06/02 07:00:00;;11,27;;22,54;41;462,13;1492
Estremera;2020/06/02 07:00:00;;0;;0;10;793,65;0552
Corpa;2020/06/02 07:00:00;;0;;0;6;841,51;0480
Meco;2020/06/02 07:00:00;;0;;13,98;144;1006,64;0838
Madarcos;2020/06/02 07:00:00;;0;;0;;0;0783
Zarzalejo;2020/06/02 07:00:00;;0;;0;43;2593,49;1837
Arganda del Rey;2020/06/02 07:00:00;7;12,64;13;23,47;369;666,2;0148
Collado Mediano;2020/06/02 07:00:00;;0;;0;33;474,27;0468
Daganzo de Arriba;2020/06/02 07:00:00;;0;;0;45;440,96;0534
Manzanares El Real;2020/06/02 07:00:00;;0;;0;44;497,74;0822
Buitrago del Lozoya;2020/06/02 07:00:00;;0;;0;16;849,26;0278
Valdelaguna;2020/06/02 07:00:00;;0;;0;;106,72;1570
Valdepiélagos;2020/06/02 07:00:00;;0;;0;;0;1631
Casarrubuelos;2020/06/02 07:00:00;;0;;0;11;291,16;0360
Miraflores de la Sierra;2020/06/02 07:00:00;;32,74;;32,74;39;638,51;0856
Paracuellos de Jarama;2020/06/02 07:00:00;;0;;0;77;304,72;1049
El Vellón;2020/06/02 07:00:00;;0;;0;14;715,02;1684
Lozoya;2020/06/02 07:00:00;;0;;0;;172,12;0761
Collado Villalba;2020/06/02 07:00:00;;3,14;17;26,7;547;859;0474
Colmenarejo;2020/06/02 07:00:00;;0;;10,95;50;547,65;0442
Villavieja del Lozoya;2020/06/02 07:00:00;;0;;0;;0;1821
Prádena del Rincón;2020/06/02 07:00:00;;0;;0;;0;1179
La Cabrera;2020/06/02 07:00:00;;0;;0;12;449,94;0301
Sevilla la Nueva;2020/06/02 07:00:00;;10,73;;53,66;150;1609,79;1415
La Acebeda;2020/06/02 07:00:00;;0;;0;;0;0014
Redueña;2020/06/02 07:00:00;;0;;0;;769,23;1219
Robledillo de la Jara;2020/06/02 07:00:00;;0;;0;;1250;1245
La Serna del Monte;2020/06/02 07:00:00;;0;;0;;0;1381
Colmenar de Oreja;2020/06/02 07:00:00;;0;;12,45;28;348,61;0437
Rozas de Puerto Real;2020/06/02 07:00:00;;377,36;;377,36;;943,4;1283
Valdemanco;2020/06/02 07:00:00;;0;;109,41;;218,82;1586
Brunete;2020/06/02 07:00:00;;0;;9,31;117;1089,79;0262
Titulcia;2020/06/02 07:00:00;;0;;0;9;685,45;1473
Villa del Prado;2020/06/02 07:00:00;;0;6;92,02;133;2039,88;1718
Lozoyuela-Navas-Sieteiglesias;2020/06/02 07:00:00;;0;;0;;230,95;9015
Quijorna;2020/06/02 07:00:00;;0;;29,08;34;988,66;1198
Valdemoro;2020/06/02 07:00:00;9;11,84;24;31,59;861;1133,15;1610
Tres Cantos;2020/06/02 07:00:00;;0;6;12,57;449;940,87;9036
Torrelaguna;2020/06/02 07:00:00;;0;;63,03;26;546,22;1512
Rivas-Vaciamadrid;2020/06/02 07:00:00;;4,54;10;11,34;597;677,25;1230
El Atazar;2020/06/02 07:00:00;;0;;0;;0;0164
Pedrezuela;2020/06/02 07:00:00;;33,94;;33,94;30;509,16;1087
Santa María de la Alameda;2020/06/02 07:00:00;;0;;0;7;558,21;1356
Horcajuelo de la Sierra;2020/06/02 07:00:00;;0;;0;;0;0719
Arroyomolinos;2020/06/02 07:00:00;;6,37;7;22,3;193;614,73;0151
Moralzarzal;2020/06/02 07:00:00;;0;;23,03;78;598,8;0908
Canencia;2020/06/02 07:00:00;;0;;223,71;;671,14;0344
Villarejo de Salvanés;2020/06/02 07:00:00;;0;;13,63;39;531,7;1809
Serranillos del Valle;2020/06/02 07:00:00;;0;;96,04;38;912,36;1408
Villaviciosa de Odón;2020/06/02 07:00:00;;14,37;7;25,15;228;819,11;1816
Camarma de Esteruelas;2020/06/02 07:00:00;;0;;13,63;44;599,78;0323
Robledo de Chavela;2020/06/02 07:00:00;;0;;0;27;632,32;1258
Patones;2020/06/02 07:00:00;;0;;554,53;15;2772,64;1071
Navalagamella;2020/06/02 07:00:00;;0;;38,31;8;306,51;0954
Rascafría;2020/06/02 07:00:00;;0;;0;6;360,58;1202
El Boalo;2020/06/02 07:00:00;;0;;13,32;46;612,68;0231
Majadahonda;2020/06/02 07:00:00;;4,18;21;29,24;616;857,63;0800
Batres;2020/06/02 07:00:00;;0;;118,76;10;593,82;0170
Alcobendas;2020/06/02 07:00:00;;1,71;9;7,69;871;744,19;0066
Alcalá de Henares;2020/06/02 07:00:00;11;5,62;36;18,4;2468;1261,44;0053
Colmenar Viejo;2020/06/02 07:00:00;;1,97;6;11,82;484;953,66;0455
San Fernando de Henares;2020/06/02 07:00:00;6;15,22;13;32,97;439;1113,31;1300
Villalbilla;2020/06/02 07:00:00;;0;;0;94;677,33;1723
El Escorial;2020/06/02 07:00:00;;18,56;;30,94;144;890,98;0549
Colmenar del Arroyo;2020/06/02 07:00:00;;0;;57,97;53;3072,46;0421
Torrejón de Ardoz;2020/06/02 07:00:00;9;6,85;34;25,88;1064;809,89;1489
Piñuécar-Gandullas;2020/06/02 07:00:00;;0;;0;;0;1147
Brea de Tajo;2020/06/02 07:00:00;;0;;0;6;1145,04;0259
El Molar;2020/06/02 07:00:00;;0;;11,19;40;447,53;0869
Belmonte de Tajo;2020/06/02 07:00:00;;0;;0;;300,48;0199
Torres de la Alameda;2020/06/02 07:00:00;;0;;38,57;80;1028,41;1548
Somosierra;2020/06/02 07:00:00;;0;;0;;2325,58;1436
Alpedrete;2020/06/02 07:00:00;;6,86;;13,72;147;1008,58;0105
Orusco de Tajuña;2020/06/02 07:00:00;;0;;241,16;20;1607,72;1028
La Hiruela;2020/06/02 07:00:00;;0;;1754,39;;3508,77;0698
Cervera de Buitrago;2020/06/02 07:00:00;;0;;0;;2000;0395
Getafe;2020/06/02 07:00:00;10;5,45;44;23,99;1483;808,73;0650
Ribatejada;2020/06/02 07:00:00;;0;;0;;255,43;1224
Villaconejos;2020/06/02 07:00:00;;0;;0;9;265,64;1701
Valdetorres de Jarama;2020/06/02 07:00:00;;0;;0;18;400,27;1646
Madrid-Retiro;2020/05/26 07:00:00;19;15,92;53;44,42;1569;1314,98;079603
Madrid-Salamanca;2020/05/26 07:00:00;10;6,84;41;28,06;1717;1175,19;079604
Madrid-Centro;2020/05/26 07:00:00;6;4,45;27;20,02;1198;888,41;079601
Madrid-Arganzuela;2020/05/26 07:00:00;10;6,5;43;27,96;1670;1085,8;079602
Madrid-Chamartín;2020/05/26 07:00:00;;3,43;31;21,25;1745;1196,44;079605
Madrid-Tetuán;2020/05/26 07:00:00;7;4,43;25;15,82;2181;1380,18;079606
Madrid-Chamberí;2020/05/26 07:00:00;8;5,74;41;29,42;1658;1189,56;079607
Madrid-Fuencarral-El Pardo;2020/05/26 07:00:00;15;6,1;53;21,55;3152;1281,62;079608
Madrid-Moncloa-Aravaca;2020/05/26 07:00:00;10;8,37;33;27,63;1504;1259,43;079609
Madrid-Latina;2020/05/26 07:00:00;34;14,27;90;37,78;2890;1213,17;079610
Madrid-Carabanchel;2020/05/26 07:00:00;25;9,88;92;36,35;2798;1105,5;079611
Madrid-Usera;2020/05/26 07:00:00;7;5,01;31;22,18;1443;1032,62;079612
Madrid-Puente de Vallecas;2020/05/26 07:00:00;25;10,64;133;56,63;3150;1341,24;079613
Madrid-San Blas - Canillejas;2020/05/26 07:00:00;11;6,96;37;23,4;1521;961,79;079620
Madrid-Barajas;2020/05/26 07:00:00;;6,13;8;16,34;447;913,27;079621
Madrid-Moratalaz;2020/05/26 07:00:00;10;10,57;62;65,56;1374;1452,89;079614
Madrid-Ciudad Lineal;2020/05/26 07:00:00;16;7,4;52;24,04;2315;1070,35;079615
Madrid-Hortaleza;2020/05/26 07:00:00;12;6,38;43;22,85;1829;971,91;079616
Madrid-Villaverde;2020/05/26 07:00:00;18;12,08;37;24,84;1469;986,26;079617
Madrid-Villa de Vallecas;2020/05/26 07:00:00;;3,62;31;28,09;1251;1133,51;079618
Madrid-Vicálvaro;2020/05/26 07:00:00;14;19,42;60;83,23;873;1210,97;079619
Pozuelo de Alarcón;2020/05/26 07:00:00;;4,63;25;28,93;837;968,5;1150
Alcorcón;2020/05/26 07:00:00;13;7,62;45;26,39;1915;1123,07;0072
Navalcarnero;2020/05/26 07:00:00;;13,65;9;30,72;188;641,68;0967
San Agustín del Guadalix;2020/05/26 07:00:00;;7,47;15;112,12;78;583;1296
Las Rozas de Madrid;2020/05/26 07:00:00;;5,22;22;22,96;850;887,14;1277
Moraleja de Enmedio;2020/05/26 07:00:00;;0;;19,47;28;545,17;0894
Valdaracete;2020/05/26 07:00:00;;0;;328,41;7;1149,43;1551
Pozuelo del Rey;2020/05/26 07:00:00;;0;;0;;174,37;1163
Puebla de la Sierra;2020/05/26 07:00:00;;0;;0;;0;1185
Perales de Tajuña;2020/05/26 07:00:00;;0;;0;11;374,79;1104
Valdemorillo;2020/05/26 07:00:00;;0;;15,98;50;399,42;1603
Navalafuente;2020/05/26 07:00:00;;0;;0;7;483,09;0941
Velilla de San Antonio;2020/05/26 07:00:00;;0;;32,69;76;621,12;1678
Villanueva de la Cañada;2020/05/26 07:00:00;;4,66;6;27,98;164;764,75;1760
Villanueva del Pardillo;2020/05/26 07:00:00;;0;;17,46;111;646,1;1776
Nuevo Baztán;2020/05/26 07:00:00;;0;;15,93;30;478,01;1006
Villamantilla;2020/05/26 07:00:00;;69,4;;69,4;8;555,17;1757
Villamanta;2020/05/26 07:00:00;;0;;0;16;626,22;1744
Cabanillas de la Sierra;2020/05/26 07:00:00;;0;;0;10;1322,75;0297
Cenicientos;2020/05/26 07:00:00;;49,19;;98,38;33;1623,22;0376
Puentes Viejas;2020/05/26 07:00:00;;0;;0;;294,55;9020
Aranjuez;2020/05/26 07:00:00;8;13,42;13;21,81;467;783,47;0133
Cercedilla;2020/05/26 07:00:00;;28,47;9;128,1;122;1736,41;0382
Santorcaz;2020/05/26 07:00:00;;0;;0;7;790,07;1369
Coslada;2020/05/26 07:00:00;6;7,35;28;34,29;839;1027,42;0493
Morata de Tajuña;2020/05/26 07:00:00;;0;;26,03;97;1262,53;0915
Robregordo;2020/05/26 07:00:00;;0;;0;;0;1261
Navarredonda y San Mamés;2020/05/26 07:00:00;;0;;0;;775,19;0973
Venturada;2020/05/26 07:00:00;;0;;0;;138,7;1697
Navacerrada;2020/05/26 07:00:00;;0;;0;18;605,65;0936
Montejo de la Sierra;2020/05/26 07:00:00;;0;;0;;283,29;0881
Fresno de Torote;2020/05/26 07:00:00;;0;;0;14;630,35;0571
Pinilla del Valle;2020/05/26 07:00:00;;0;;0;;0;1126
Valdemaqueda;2020/05/26 07:00:00;;0;;0;;640,2;1599
Navas del Rey;2020/05/26 07:00:00;;34,27;;68,54;80;2741,6;0992
Olmeda de las Fuentes;2020/05/26 07:00:00;;0;;0;;862,07;1013
Bustarviejo;2020/05/26 07:00:00;;0;;39,95;10;399,52;0284
Becerril de la Sierra;2020/05/26 07:00:00;;0;;0;33;577,53;0186
Fuenlabrada;2020/05/26 07:00:00;14;7,23;41;21,17;1626;839,44;0587
Garganta de los Montes;2020/05/26 07:00:00;;0;;0;;288,18;0626
Pinto;2020/05/26 07:00:00;7;13,33;19;36,17;303;576,86;1132
Alameda del Valle;2020/05/26 07:00:00;;0;;0;;0;0035
Berzosa del Lozoya;2020/05/26 07:00:00;;0;;0;;975,61;0203
Los Santos de la Humosa;2020/05/26 07:00:00;;0;;0;20;772,2;1375
El Álamo;2020/05/26 07:00:00;;10,56;;52,8;97;1024,29;0040
Pelayos de la Presa;2020/05/26 07:00:00;;0;;0;19;731,9;1090
Galapagar;2020/05/26 07:00:00;;11,85;11;32,6;290;859,46;0611
Griñón;2020/05/26 07:00:00;;9,69;;9,69;108;1046,61;0663
Gargantilla del Lozoya y Pinilla de Buitrago;2020/05/26 07:00:00;;0;;0;;949,37;0632
Aldea del Fresno;2020/05/26 07:00:00;;70,47;;70,47;60;2114,16;0088
Carabaña;2020/05/26 07:00:00;;0;;0;14;696,52;0357
Talamanca de Jarama;2020/05/26 07:00:00;;51,85;32;829,66;65;1685,25;1454
Chapinería;2020/05/26 07:00:00;;0;;0;7;300,69;0513
Ciempozuelos;2020/05/26 07:00:00;;16,27;14;56,93;264;1073,52;0409
Ajalvir;2020/05/26 07:00:00;;21,22;;21,22;35;742,78;0029
San Lorenzo de El Escorial;2020/05/26 07:00:00;;16,33;6;32,66;147;800,26;1317
Gascones;2020/05/26 07:00:00;;0;;0;;0;0647
San Martín de la Vega;2020/05/26 07:00:00;;0;7;36,52;100;521,65;1322
Móstoles;2020/05/26 07:00:00;18;8,6;50;23,9;2206;1054,57;0920
Leganés;2020/05/26 07:00:00;21;11,06;154;81,11;3168;1668,59;0745
Braojos;2020/05/26 07:00:00;;0;;0;;975,61;0246
Cubas de la Sagra;2020/05/26 07:00:00;;0;;15,59;30;467,8;0506
Algete;2020/05/26 07:00:00;;0;;4,85;120;582,21;0091
Mejorada del Campo;2020/05/26 07:00:00;;4,3;13;55,86;192;824,95;0843
Loeches;2020/05/26 07:00:00;;0;;0;50;568,76;0758
Parla;2020/05/26 07:00:00;10;7,68;25;19,21;784;602,5;1065
Fuentidueña de Tajo;2020/05/26 07:00:00;;0;;48,71;18;876,77;0604
Ambite;2020/05/26 07:00:00;;0;;0;7;1182,43;0112
Torremocha de Jarama;2020/05/26 07:00:00;;0;;0;8;785,08;1533
Anchuelo;2020/05/26 07:00:00;;0;;0;8;629,43;0127
Los Molinos;2020/05/26 07:00:00;;0;;22,78;53;1207,56;0875
Soto del Real;2020/05/26 07:00:00;;0;;11,36;73;829,64;1441
Valverde de Alcalá;2020/05/26 07:00:00;;0;;0;8;1720,43;1662
Fuente el Saz de Jarama;2020/05/26 07:00:00;;14,93;;44,8;40;597,37;0590
Horcajo de la Sierra-Aoslos;2020/05/26 07:00:00;;0;;0;;2068,97;0702
Valdeolmos-Alalpardo;2020/05/26 07:00:00;;0;;0;11;265,96;1625
Campo Real;2020/05/26 07:00:00;;0;;64,41;28;450,89;0339
Valdeavero;2020/05/26 07:00:00;;0;;64,35;10;643,5;1564
Villamanrique de Tajo;2020/05/26 07:00:00;;0;;0;;568,99;1739
Cobeña;2020/05/26 07:00:00;;0;;13,46;86;1157,78;0416
Fresnedillas de la Oliva;2020/05/26 07:00:00;;0;;0;9;572,52;0565
Valdilecha;2020/05/26 07:00:00;;0;;0;19;647,8;1659
El Berrueco;2020/05/26 07:00:00;;0;;0;8;1052,63;0210
Pezuela de las Torres;2020/05/26 07:00:00;;0;;0;;237,53;1111
Villar del Olmo;2020/05/26 07:00:00;;0;;0;;198,91;1795
Guadarrama;2020/05/26 07:00:00;;31,19;15;93,56;230;1434,63;0685
San Martín de Valdeiglesias;2020/05/26 07:00:00;;35,47;;35,47;97;1146,71;1338
Torrelodones;2020/05/26 07:00:00;;12,65;9;37,95;355;1496,82;1527
Boadilla del Monte;2020/05/26 07:00:00;;3,67;9;16,49;386;707,35;0225
Torrejón de Velasco;2020/05/26 07:00:00;;0;;0;20;456,41;1505
Villanueva de Perales;2020/05/26 07:00:00;;0;;0;;319,9;1782
Tielmes;2020/05/26 07:00:00;;0;;37,74;35;1320,75;1467
San Sebastián de los Reyes;2020/05/26 07:00:00;;4,48;38;42,56;583;653,03;1343
Guadalix de la Sierra;2020/05/26 07:00:00;;0;;0;52;836,82;0679
Humanes de Madrid;2020/05/26 07:00:00;;0;;5,07;125;633,14;0730
Chinchón;2020/05/26 07:00:00;;18,76;;37,52;29;543,99;0528
Cadalso de los Vidrios;2020/05/26 07:00:00;;32,91;;32,91;11;361,96;0318
Hoyo de Manzanares;2020/05/26 07:00:00;;35,57;;47,43;42;497,98;0724
Torrejón de la Calzada;2020/05/26 07:00:00;;11,27;;11,27;39;439,59;1492
Estremera;2020/05/26 07:00:00;;79,37;;79,37;10;793,65;0552
Corpa;2020/05/26 07:00:00;;0;;0;6;841,51;0480
Meco;2020/05/26 07:00:00;;13,98;11;76,9;142;992,66;0838
Madarcos;2020/05/26 07:00:00;;0;;0;;0;0783
Zarzalejo;2020/05/26 07:00:00;;0;;180,94;43;2593,49;1837
Arganda del Rey;2020/05/26 07:00:00;9;16,25;16;28,89;365;658,98;0148
Collado Mediano;2020/05/26 07:00:00;;0;;0;33;474,27;0468
Daganzo de Arriba;2020/05/26 07:00:00;;0;;0;45;440,96;0534
Manzanares El Real;2020/05/26 07:00:00;;0;6;67,87;44;497,74;0822
Buitrago del Lozoya;2020/05/26 07:00:00;;0;;0;16;849,26;0278
Valdelaguna;2020/05/26 07:00:00;;0;;0;;106,72;1570
Valdepiélagos;2020/05/26 07:00:00;;0;;0;;0;1631
Casarrubuelos;2020/05/26 07:00:00;;0;;0;11;291,16;0360
Miraflores de la Sierra;2020/05/26 07:00:00;;49,12;;49,12;39;638,51;0856
Paracuellos de Jarama;2020/05/26 07:00:00;;0;;3,96;77;304,72;1049
El Vellón;2020/05/26 07:00:00;;51,07;;51,07;14;715,02;1684
Lozoya;2020/05/26 07:00:00;;0;;0;;172,12;0761
Collado Villalba;2020/05/26 07:00:00;;4,71;26;40,83;540;848;0474
Colmenarejo;2020/05/26 07:00:00;;0;;10,95;50;547,65;0442
Villavieja del Lozoya;2020/05/26 07:00:00;;0;;0;;0;1821
Prádena del Rincón;2020/05/26 07:00:00;;0;;0;;0;1179
La Cabrera;2020/05/26 07:00:00;;0;;37,5;12;449,94;0301
Sevilla la Nueva;2020/05/26 07:00:00;;0;;21,46;144;1545,4;1415
La Acebeda;2020/05/26 07:00:00;;0;;0;;0;0014
Redueña;2020/05/26 07:00:00;;0;;0;;769,23;1219
Robledillo de la Jara;2020/05/26 07:00:00;;0;;0;;1250;1245
La Serna del Monte;2020/05/26 07:00:00;;0;;0;;0;1381
Colmenar de Oreja;2020/05/26 07:00:00;;12,45;;24,9;27;336,16;0437
Rozas de Puerto Real;2020/05/26 07:00:00;;0;;0;;566,04;1283
Valdemanco;2020/05/26 07:00:00;;0;;109,41;;218,82;1586
Brunete;2020/05/26 07:00:00;;0;6;55,89;117;1089,79;0262
Titulcia;2020/05/26 07:00:00;;0;;0;9;685,45;1473
Villa del Prado;2020/05/26 07:00:00;;0;;61,35;130;1993,87;1718
Lozoyuela-Navas-Sieteiglesias;2020/05/26 07:00:00;;0;;0;;230,95;9015
Quijorna;2020/05/26 07:00:00;;0;;29,08;34;988,66;1198
Valdemoro;2020/05/26 07:00:00;11;14,48;35;46,06;853;1122,62;1610
Tres Cantos;2020/05/26 07:00:00;;0;;4,19;445;932,48;9036
Torrelaguna;2020/05/26 07:00:00;;0;;42,02;23;483,19;1512
Rivas-Vaciamadrid;2020/05/26 07:00:00;;4,54;18;20,42;594;673,85;1230
El Atazar;2020/05/26 07:00:00;;0;;0;;0;0164
Pedrezuela;2020/05/26 07:00:00;;33,94;;33,94;29;492,19;1087
Santa María de la Alameda;2020/05/26 07:00:00;;0;;0;7;558,21;1356
Horcajuelo de la Sierra;2020/05/26 07:00:00;;0;;0;;0;0719
Arroyomolinos;2020/05/26 07:00:00;;0;;0;186;592,43;0151
Moralzarzal;2020/05/26 07:00:00;;0;;7,68;76;583,45;0908
Canencia;2020/05/26 07:00:00;;0;;223,71;;671,14;0344
Villarejo de Salvanés;2020/05/26 07:00:00;;27,27;;40,9;38;518,06;1809
Serranillos del Valle;2020/05/26 07:00:00;;0;;48,02;35;840,34;1408
Villaviciosa de Odón;2020/05/26 07:00:00;;14,37;;14,37;224;804,74;1816
Camarma de Esteruelas;2020/05/26 07:00:00;;0;;0;43;586,15;0323
Robledo de Chavela;2020/05/26 07:00:00;;0;;23,42;27;632,32;1258
Patones;2020/05/26 07:00:00;;0;;0;11;2033,27;1071
Navalagamella;2020/05/26 07:00:00;;0;;0;7;268,2;0954
Rascafría;2020/05/26 07:00:00;;0;;0;6;360,58;1202
El Boalo;2020/05/26 07:00:00;;0;;53,28;46;612,68;0231
Majadahonda;2020/05/26 07:00:00;8;11,14;27;37,59;601;836,74;0800
Batres;2020/05/26 07:00:00;;0;;0;8;475,06;0170
Alcobendas;2020/05/26 07:00:00;;3,42;11;9,4;867;740,77;0066
Alcalá de Henares;2020/05/26 07:00:00;17;8,69;48;24,53;2456;1255,31;0053
Colmenar Viejo;2020/05/26 07:00:00;;1,97;8;15,76;473;931,98;0455
San Fernando de Henares;2020/05/26 07:00:00;;10,14;12;30,43;433;1098,09;1300
Villalbilla;2020/05/26 07:00:00;;14,41;;14,41;94;677,33;1723
El Escorial;2020/05/26 07:00:00;;30,94;10;61,87;142;878,6;0549
Colmenar del Arroyo;2020/05/26 07:00:00;;0;;0;52;3014,49;0421
Torrejón de Ardoz;2020/05/26 07:00:00;9;6,85;43;32,73;1025;780,2;1489
Piñuécar-Gandullas;2020/05/26 07:00:00;;0;;0;;0;1147
Brea de Tajo;2020/05/26 07:00:00;;0;;0;6;1145,04;0259
El Molar;2020/05/26 07:00:00;;11,19;;22,38;40;447,53;0869
Belmonte de Tajo;2020/05/26 07:00:00;;0;;0;;300,48;0199
Torres de la Alameda;2020/05/26 07:00:00;;0;;38,57;79;1015,55;1548
Somosierra;2020/05/26 07:00:00;;0;;0;;2325,58;1436
Alpedrete;2020/05/26 07:00:00;;6,86;;20,58;146;1001,72;0105
Orusco de Tajuña;2020/05/26 07:00:00;;0;;0;17;1366,56;1028
La Hiruela;2020/05/26 07:00:00;;0;;0;;1754,39;0698
Cervera de Buitrago;2020/05/26 07:00:00;;0;;0;;2000;0395
Getafe;2020/05/26 07:00:00;11;6;60;32,72;1463;797,82;0650
Ribatejada;2020/05/26 07:00:00;;0;;0;;255,43;1224
Villaconejos;2020/05/26 07:00:00;;0;;0;9;265,64;1701
Valdetorres de Jarama;2020/05/26 07:00:00;;0;;22,24;18;400,27;1646
